tag,mode,nocomm,comm,group,eps,goal,coll,to,fuel,head,length,minsep,colregs,colregs_n
s42,rx,2,14,nocomm,4.0000,50.0000,0.0000,50.0000,792.5341,1537.5825,805.5000,24.5175,54.2240,509.0000
s42,rx,2,14,comm,31.0000,48.3871,3.2258,48.3871,607.1736,1388.0306,647.8667,20.1103,42.3008,5007.0000
s43,rx,2,14,nocomm,3.0000,33.3333,0.0000,66.6667,862.2165,2638.1180,970.0000,20.8927,44.7332,731.0000
s43,rx,2,14,comm,26.0000,15.3846,11.5385,73.0769,828.8072,2351.6450,924.0000,17.9852,46.5081,5298.0000
s44,rx,2,14,nocomm,5.0000,40.0000,20.0000,40.0000,786.9817,1599.2525,814.5000,20.0106,42.7586,435.0000
s44,rx,2,14,comm,38.0000,50.0000,5.2632,44.7368,686.8577,1943.5248,732.7368,19.6439,42.7619,5699.0000
s45,rx,2,14,nocomm,4.0000,50.0000,0.0000,50.0000,812.7171,1743.5570,857.0000,23.0960,40.6977,430.0000
s45,rx,2,14,comm,31.0000,41.9355,0.0000,58.0645,639.0938,1550.9202,692.8462,21.2129,46.2972,3970.0000
s46,rx,2,14,nocomm,5.0000,60.0000,20.0000,20.0000,893.4901,2216.1743,951.3333,16.6772,46.8060,861.0000
s46,rx,2,14,comm,32.0000,46.8750,3.1250,50.0000,640.5246,1607.0681,698.0000,19.6702,47.1654,5186.0000
s42,rx,4,12,nocomm,10.0000,50.0000,0.0000,50.0000,725.6143,1793.5668,775.8000,21.8434,39.4184,1857.0000
s42,rx,4,12,comm,22.0000,45.4545,0.0000,54.5455,726.0108,1751.9217,776.8000,18.9862,47.2998,3759.0000
s43,rx,4,12,nocomm,8.0000,25.0000,25.0000,50.0000,643.8817,1793.7150,697.5000,18.9366,46.5155,1191.0000
s43,rx,4,12,comm,20.0000,30.0000,15.0000,55.0000,755.9640,2083.9985,838.8333,16.4447,41.8649,3700.0000
s44,rx,4,12,nocomm,9.0000,33.3333,11.1111,55.5556,476.4299,1108.8280,509.3333,21.5293,42.9734,1352.0000
s44,rx,4,12,comm,30.0000,56.6667,6.6667,36.6667,721.0293,1936.8153,756.8235,19.8922,46.3991,4610.0000
s45,rx,4,12,nocomm,10.0000,50.0000,0.0000,50.0000,750.5648,1897.4682,840.6000,23.3031,43.0048,1451.0000
s45,rx,4,12,comm,25.0000,52.0000,4.0000,44.0000,696.8138,1628.0691,752.5385,18.0841,40.3608,3548.0000
s46,rx,4,12,nocomm,11.0000,54.5455,0.0000,45.4545,748.5141,1977.5790,801.5000,17.5024,50.7817,1727.0000
s46,rx,4,12,comm,26.0000,42.3077,19.2308,38.4615,679.5095,1662.2789,724.6364,15.8075,46.7263,4139.0000
s42,rx,6,10,nocomm,16.0000,31.2500,0.0000,68.7500,672.0723,1406.5888,677.8000,18.7994,55.8189,1899.0000
s42,rx,6,10,comm,27.0000,44.4444,0.0000,55.5556,737.3670,1916.5238,805.1667,19.5646,40.9160,5240.0000
s43,rx,6,10,nocomm,16.0000,6.2500,6.2500,87.5000,800.7706,2725.4590,824.0000,18.1867,41.3455,3166.0000
s43,rx,6,10,comm,25.0000,36.0000,12.0000,52.0000,774.5425,2131.6863,823.1111,18.4520,44.0986,4016.0000
s44,rx,6,10,nocomm,19.0000,36.8421,10.5263,52.6316,680.4854,1856.8639,726.4286,19.7187,44.5147,2689.0000
s44,rx,6,10,comm,28.0000,46.4286,0.0000,53.5714,641.6254,1670.3076,670.5385,22.2610,38.9706,3400.0000
s45,rx,6,10,nocomm,17.0000,35.2941,5.8824,58.8235,704.1562,1705.5115,758.3333,20.4171,43.3150,2184.0000
s45,rx,6,10,comm,27.0000,40.7407,3.7037,55.5556,662.6009,1684.1152,728.9091,19.2200,41.0436,3718.0000
s46,rx,6,10,nocomm,19.0000,21.0526,10.5263,68.4211,622.3311,1405.8975,669.5000,15.5096,45.0869,3338.0000
s46,rx,6,10,comm,27.0000,40.7407,3.7037,55.5556,620.2709,1521.0598,658.6364,22.5171,49.6133,3620.0000
s42,rx,8,8,nocomm,19.0000,52.6316,10.5263,36.8421,726.8808,1623.0742,776.1000,20.3871,43.2841,2777.0000
s42,rx,8,8,comm,18.0000,38.8889,5.5556,55.5556,611.4545,1329.4600,637.5714,19.3613,46.3087,2533.0000
s43,rx,8,8,nocomm,16.0000,50.0000,6.2500,43.7500,717.7648,2062.4415,787.1250,19.4483,42.1547,2766.0000
s43,rx,8,8,comm,18.0000,33.3333,5.5556,61.1111,665.6396,1887.4885,721.1667,20.2189,45.2138,2946.0000
s44,rx,8,8,nocomm,20.0000,65.0000,0.0000,35.0000,691.5856,1692.0665,713.0769,22.0723,35.6592,2465.0000
s44,rx,8,8,comm,21.0000,47.6190,0.0000,52.3810,706.3135,1717.2756,740.9000,20.0369,43.2337,3111.0000
s45,rx,8,8,nocomm,18.0000,61.1111,0.0000,38.8889,678.2171,1658.5625,748.4545,21.8021,47.1089,2231.0000
s45,rx,8,8,comm,18.0000,38.8889,0.0000,61.1111,712.4780,1651.4437,761.1429,20.1882,42.7277,2317.0000
s46,rx,8,8,nocomm,17.0000,52.9412,5.8824,41.1765,653.3032,1661.3749,690.1111,20.1758,46.4455,2532.0000
s46,rx,8,8,comm,19.0000,31.5789,15.7895,52.6316,655.1895,1574.0015,691.6667,18.4564,47.3218,2371.0000
s42,rx,10,6,nocomm,23.0000,52.1739,13.0435,34.7826,624.6254,1446.2314,659.5833,19.6608,45.1073,3168.0000
s42,rx,10,6,comm,17.0000,23.5294,5.8824,70.5882,759.8080,1969.7035,813.7500,21.2591,42.1426,2679.0000
s43,rx,10,6,nocomm,21.0000,19.0476,38.0952,42.8571,548.6600,1363.5798,591.0000,14.7877,44.1011,3560.0000
s43,rx,10,6,comm,14.0000,14.2857,7.1429,78.5714,705.9672,1917.7120,775.5000,23.7050,44.9477,2009.0000
s44,rx,10,6,nocomm,24.0000,62.5000,4.1667,33.3333,694.8816,1843.3069,734.7333,20.4653,43.6088,3364.0000
s44,rx,10,6,comm,17.0000,35.2941,0.0000,64.7059,659.5932,1822.9270,702.8333,22.0396,35.4582,3012.0000
s45,rx,10,6,nocomm,19.0000,52.6316,10.5263,36.8421,583.0817,1377.5985,640.9000,21.0198,42.7521,2311.0000
s45,rx,10,6,comm,16.0000,31.2500,0.0000,68.7500,567.9904,1514.9616,627.6000,21.1423,42.3876,2069.0000
s46,rx,10,6,nocomm,22.0000,54.5455,13.6364,31.8182,680.0529,1721.5803,727.5833,14.8257,46.7647,3400.0000
s46,rx,10,6,comm,16.0000,25.0000,0.0000,75.0000,586.0816,1723.2510,641.5000,19.2881,45.9881,2181.0000
s42,rx,12,4,nocomm,30.0000,43.3333,0.0000,56.6667,703.8669,1661.3555,739.0000,20.5319,45.6237,4193.0000
s42,rx,12,4,comm,9.0000,22.2222,0.0000,77.7778,704.1463,1424.8100,729.5000,23.8977,38.9417,1474.0000
s43,rx,12,4,nocomm,28.0000,21.4286,21.4286,57.1429,668.5773,1951.0830,719.3333,19.3474,45.0595,4787.0000
s43,rx,12,4,comm,10.0000,10.0000,20.0000,70.0000,1010.2654,2511.1980,1099.0000,21.7075,45.7278,1697.0000
s44,rx,12,4,nocomm,36.0000,44.4444,8.3333,47.2222,723.1899,1810.9372,763.1875,22.2491,38.6968,5264.0000
s44,rx,12,4,comm,16.0000,43.7500,12.5000,43.7500,777.4243,2128.0589,835.5714,19.4149,39.5238,2520.0000
s45,rx,12,4,nocomm,35.0000,45.7143,5.7143,48.5714,662.0289,1587.2049,720.9375,21.8918,44.1098,4881.0000
s45,rx,12,4,comm,9.0000,22.2222,0.0000,77.7778,812.0792,1961.9730,910.5000,26.0694,40.6020,1495.0000
s46,rx,12,4,nocomm,29.0000,41.3793,0.0000,58.6207,711.4252,1746.2376,753.0833,21.1153,47.0922,4058.0000
s46,rx,12,4,comm,10.0000,30.0000,0.0000,70.0000,720.2541,1474.8423,746.0000,19.8028,47.8225,1217.0000
s42,rx,14,2,nocomm,32.0000,28.1250,0.0000,71.8750,653.3378,1649.2014,687.6667,20.2348,44.5776,4924.0000
s42,rx,14,2,comm,6.0000,66.6667,16.6667,16.6667,685.1071,1669.0192,727.5000,23.5608,41.5236,932.0000
s43,rx,14,2,nocomm,33.0000,21.2121,12.1212,66.6667,772.5096,2084.9293,823.0000,17.7043,40.6005,5862.0000
s43,rx,14,2,comm,4.0000,50.0000,25.0000,25.0000,746.0797,2065.4500,793.5000,14.3698,46.9880,747.0000
s44,rx,14,2,nocomm,40.0000,37.5000,5.0000,57.5000,718.5549,1869.2208,759.2667,22.8075,44.2865,5487.0000
s44,rx,14,2,comm,5.0000,80.0000,0.0000,20.0000,473.4595,1293.1137,549.0000,19.4256,44.6921,942.0000
s45,rx,14,2,nocomm,32.0000,25.0000,0.0000,75.0000,676.5457,1815.0429,767.5000,21.2958,46.3564,4405.0000
s45,rx,14,2,comm,5.0000,80.0000,0.0000,20.0000,600.9380,1521.9625,681.7500,22.0420,41.4216,816.0000
s46,rx,14,2,nocomm,34.0000,29.4118,2.9412,67.6471,648.1813,1665.2535,694.2000,18.6777,44.4351,4744.0000
s46,rx,14,2,comm,5.0000,60.0000,20.0000,20.0000,639.3091,1709.5960,710.3333,16.3444,42.5613,1304.0000
