tag,mode,nocomm,group,env,vessel,outcome,steps,fuel,head,minsep,colregs_ok,colregs_n
s45,rx,4,nocomm,4,12,4,2,1.9355,13.950,54.125,0,0
s45,rx,14,nocomm,26,13,4,4,3.9654,43.096,37.355,0,0
s45,rx,12,nocomm,23,15,4,9,6.6830,45.489,40.553,0,1
s45,rx,10,comm,17,7,4,16,16.6149,33.829,60.042,0,0
s45,rx,6,comm,9,10,4,24,20.9589,35.011,30.192,5,14
s45,rx,8,nocomm,14,8,4,24,24.5024,64.627,33.543,0,0
s45,rx,12,nocomm,22,5,4,29,29.3905,62.564,60.128,0,0
s45,rx,14,nocomm,27,2,4,31,28.3289,86.303,44.336,13,18
s45,rx,2,comm,1,2,4,32,32.8369,77.749,55.084,0,0
s45,rx,12,nocomm,21,11,4,36,22.1889,83.893,32.330,9,36
s45,rx,6,nocomm,10,8,4,44,30.8592,118.829,35.197,8,34
s45,rx,6,comm,11,10,4,45,46.5067,96.646,37.699,5,5
s45,rx,8,nocomm,13,4,4,60,54.7343,149.357,47.472,6,9
s45,rx,12,comm,23,2,4,65,56.7065,149.968,51.063,7,13
s45,rx,12,comm,20,6,4,69,68.2417,189.538,26.099,1,7
s45,rx,2,nocomm,1,8,4,93,93.4951,177.964,22.515,13,13
s45,rx,6,comm,11,6,4,93,78.1635,168.280,45.875,5,27
s45,rx,4,nocomm,7,0,4,96,85.5706,274.501,34.630,8,38
s45,rx,4,comm,4,7,4,101,85.8356,266.902,22.191,22,34
s45,rx,14,nocomm,26,11,4,104,79.6948,217.830,23.088,53,91
s45,rx,14,nocomm,25,2,4,114,70.8830,203.924,17.676,38,93
s45,rx,12,nocomm,21,0,4,127,87.2089,351.723,28.783,22,84
s45,rx,6,nocomm,11,8,4,132,120.8358,290.430,25.186,18,28
s45,rx,8,comm,12,9,4,136,137.8324,199.716,49.521,0,0
s45,rx,10,nocomm,19,2,4,146,115.4757,344.706,37.181,20,74
s45,rx,2,comm,0,12,4,149,150.3495,265.685,35.492,6,8
s45,rx,12,nocomm,23,13,4,165,120.0222,303.808,20.797,34,85
s45,rx,14,nocomm,25,13,4,166,120.4047,451.907,18.950,38,104
s45,rx,4,comm,5,1,4,185,175.1637,477.083,15.238,20,40
s45,rx,2,comm,0,10,4,189,156.8668,554.915,25.898,59,121
s45,rx,10,comm,16,4,4,193,159.1722,558.608,19.115,42,82
s45,rx,14,nocomm,27,15,4,202,187.3280,454.286,20.082,21,68
s45,rx,10,nocomm,19,8,4,217,166.0827,608.909,20.159,42,109
s45,rx,8,comm,13,9,4,228,225.2638,449.720,24.564,3,4
s45,rx,2,comm,2,9,4,239,217.6053,633.845,27.610,32,59
s45,rx,8,comm,14,13,4,241,179.3247,571.660,22.358,59,114
s45,rx,6,nocomm,10,3,4,245,175.9808,673.325,32.977,71,149
s45,rx,12,nocomm,23,3,4,245,175.5089,693.311,21.256,81,154
s45,rx,4,comm,7,6,4,259,248.1979,557.769,17.959,26,59
s45,rx,6,nocomm,9,13,4,262,229.0225,602.496,19.247,18,85
s45,rx,12,comm,20,14,4,275,203.2702,731.206,12.172,93,204
s45,rx,8,comm,13,7,4,278,233.4088,679.070,19.345,53,105
s45,rx,4,comm,5,7,4,280,233.9040,738.982,26.227,56,114
s45,rx,8,comm,13,1,4,293,270.2887,578.003,14.640,22,65
s45,rx,10,nocomm,18,2,4,294,250.4367,806.993,19.098,76,177
s45,rx,12,comm,23,14,4,305,273.6817,686.692,43.561,33,102
s45,rx,10,nocomm,16,2,2,307,250.4423,868.181,11.429,75,143
s45,rx,10,nocomm,16,8,2,307,211.9057,662.997,11.429,51,204
s45,rx,8,comm,14,15,4,327,260.0340,769.473,15.679,63,143
s45,rx,6,comm,8,1,4,331,301.7932,824.070,20.903,18,110
s45,rx,14,nocomm,24,1,4,335,248.6424,1118.005,17.062,101,182
s45,rx,12,nocomm,23,8,4,343,244.0179,850.950,18.428,70,165
s45,rx,14,nocomm,24,7,4,348,304.7546,753.094,23.241,59,116
s45,rx,10,comm,19,12,4,349,314.1501,852.855,18.925,38,103
s45,rx,6,comm,10,12,4,352,303.4116,850.263,14.145,43,94
s45,rx,8,nocomm,13,10,4,358,347.0150,788.438,18.336,27,53
s45,rx,14,nocomm,27,1,4,361,287.7377,699.058,41.274,43,118
s45,rx,8,nocomm,15,4,4,364,316.0541,716.861,21.866,40,133
s45,rx,6,comm,8,12,4,370,319.0115,899.955,21.401,42,178
s45,rx,14,nocomm,24,2,4,375,353.4890,848.038,20.918,35,67
s45,rx,10,comm,19,15,4,381,372.6320,768.359,26.882,19,30
s45,rx,4,comm,5,15,1,383,357.9162,921.352,26.529,29,51
s45,rx,2,comm,0,11,4,395,359.7581,906.958,19.974,50,77
s45,rx,10,nocomm,17,11,4,400,394.0177,827.586,14.473,17,27
s45,rx,14,nocomm,26,5,4,402,309.6745,1004.442,23.088,82,165
s45,rx,12,nocomm,23,0,1,404,381.7696,891.336,28.969,23,73
s45,rx,14,nocomm,27,14,4,407,355.9690,979.350,14.841,77,190
s45,rx,14,nocomm,24,6,4,409,383.2911,848.715,23.243,28,103
s45,rx,2,comm,2,10,4,413,375.4089,905.878,22.191,50,111
s45,rx,4,comm,5,6,4,417,332.2313,1056.202,13.054,99,180
s45,rx,2,comm,2,3,4,427,327.6239,986.010,15.345,101,202
s45,rx,6,nocomm,9,3,4,428,359.0042,903.323,22.224,71,111
s45,rx,8,nocomm,13,14,4,430,440.7853,885.850,26.571,0,4
s45,rx,2,comm,3,4,1,433,414.7944,850.131,18.516,18,33
s45,rx,2,comm,1,7,4,437,401.3609,1069.294,14.502,49,104
s45,rx,12,nocomm,23,9,1,437,395.5494,971.930,19.027,66,105
s45,rx,2,comm,1,12,4,438,304.2957,1024.132,17.161,118,239
s45,rx,12,nocomm,22,4,4,439,408.5730,973.053,19.240,61,94
s45,rx,8,nocomm,15,14,1,451,376.3266,1160.409,20.800,86,141
s45,rx,2,comm,1,1,1,452,413.7090,999.269,18.416,44,96
s45,rx,4,nocomm,4,4,1,452,408.9992,1227.141,17.367,94,170
s45,rx,6,comm,10,10,4,452,396.2031,1054.608,21.808,19,59
s45,rx,2,comm,1,5,4,456,445.0064,1037.449,16.579,19,20
s45,rx,6,comm,8,6,1,462,429.7485,1088.765,20.256,35,75
s45,rx,6,comm,9,14,4,464,400.0280,1191.358,12.738,100,202
s45,rx,14,nocomm,27,8,4,464,337.5479,1334.708,15.230,145,272
s45,rx,6,nocomm,9,8,1,465,428.7481,1031.877,24.733,44,120
s45,rx,4,comm,7,1,1,471,389.9522,1068.981,14.381,54,147
s45,rx,2,comm,3,2,4,473,429.9322,1283.654,13.912,62,106
s45,rx,10,nocomm,16,13,4,473,417.5869,895.603,20.648,57,102
s45,rx,12,nocomm,22,1,1,482,432.2014,1056.297,29.814,70,137
s45,rx,4,comm,6,11,1,486,443.2666,1003.979,26.652,32,62
s45,rx,10,nocomm,16,6,4,491,406.0612,1226.540,13.237,81,177
s45,rx,4,nocomm,5,4,4,498,462.5748,1030.513,24.770,48,86
s45,rx,8,comm,14,1,1,498,433.6825,1123.151,18.027,59,91
s45,rx,8,comm,12,13,1,499,489.6060,1084.698,25.173,23,59
s45,rx,8,comm,15,1,4,502,445.0775,1106.669,11.904,36,112
s45,rx,10,comm,19,7,1,502,440.2240,1255.063,23.054,54,111
s45,rx,10,comm,18,4,1,503,472.3338,1265.940,16.890,79,144
s45,rx,14,nocomm,25,6,1,507,436.2106,1446.861,18.950,95,169
s45,rx,2,comm,2,11,1,510,431.1458,1141.185,20.430,94,173
s45,rx,14,nocomm,26,8,4,513,464.1967,1218.542,18.726,66,179
s45,rx,10,nocomm,17,6,1,517,453.2845,1160.792,19.868,56,119
s45,rx,10,nocomm,18,10,1,524,479.4843,1139.260,24.765,24,64
s45,rx,6,comm,10,7,4,528,522.2803,1100.381,18.635,21,41
s45,rx,14,comm,26,4,1,528,489.4984,1320.632,29.289,54,127
s45,rx,10,comm,17,9,4,529,491.5306,1039.332,16.148,50,127
s45,rx,2,comm,1,10,1,537,484.3003,1067.742,22.515,45,95
s45,rx,10,nocomm,16,10,1,543,453.6712,1192.431,17.671,84,164
s45,rx,4,nocomm,7,8,4,549,518.1331,1125.406,16.797,53,110
s45,rx,8,nocomm,14,12,1,550,465.6597,1221.173,24.014,74,162
s45,rx,14,nocomm,27,7,4,552,503.1136,1104.529,25.485,53,87
s45,rx,6,comm,11,9,1,554,490.4385,1494.471,15.606,52,137
s45,rx,12,nocomm,20,8,1,558,459.7877,1300.956,24.930,49,154
s45,rx,10,nocomm,18,0,1,564,491.4986,1224.216,26.893,58,121
s45,rx,8,nocomm,15,8,1,567,490.3751,1293.860,20.865,60,107
s45,rx,8,comm,12,15,4,569,550.9138,1140.260,16.103,32,74
s45,rx,6,comm,9,12,4,572,494.9379,1459.166,11.963,55,194
s45,rx,8,nocomm,12,0,1,573,479.6645,1465.892,16.103,98,205
s45,rx,4,comm,4,1,1,591,579.9442,1105.247,23.479,25,39
s45,rx,4,comm,6,3,1,591,520.8532,1534.719,14.498,94,179
s45,rx,14,nocomm,27,9,1,595,490.6535,1519.760,18.179,124,237
s45,rx,12,nocomm,22,12,4,602,605.0109,1156.190,29.513,6,21
s45,rx,10,nocomm,18,3,1,607,594.5270,1262.049,14.406,17,40
s45,rx,14,comm,25,12,1,611,559.7102,1168.536,20.607,32,115
s45,rx,10,comm,18,12,1,618,537.7334,1363.096,14.406,33,127
s45,rx,6,nocomm,10,5,1,619,604.0948,1375.786,17.116,17,50
s45,rx,10,comm,19,1,1,620,570.2136,1360.392,18.925,70,150
s45,rx,2,comm,2,1,4,622,579.1924,1599.970,26.035,39,164
s45,rx,6,nocomm,11,5,4,623,532.0535,1711.976,21.608,34,95
s45,rx,8,comm,13,15,1,623,536.9090,1353.076,18.487,62,131
s45,rx,10,nocomm,17,0,1,628,540.9713,1353.711,27.202,81,157
s45,rx,6,comm,9,6,1,629,594.9647,1327.916,24.733,59,119
s45,rx,12,nocomm,20,11,1,631,559.2626,1301.853,18.049,84,170
s45,rx,2,comm,2,6,1,632,628.5434,1473.142,24.802,26,62
s45,rx,14,nocomm,24,11,1,638,597.4897,1356.523,27.896,32,101
s45,rx,8,nocomm,15,0,1,639,531.3207,1366.010,12.136,110,206
s45,rx,6,nocomm,10,11,1,641,585.4268,1581.314,16.451,61,137
s45,rx,6,comm,11,14,1,646,540.2931,1655.468,16.297,139,245
s45,rx,12,nocomm,21,1,4,647,557.2478,1388.141,16.103,64,197
s45,rx,12,nocomm,21,15,4,649,557.4515,1626.330,17.804,94,195
s45,rx,14,nocomm,24,5,4,649,596.8864,1577.767,23.243,55,102
s45,rx,2,nocomm,0,0,1,653,607.3442,1225.057,32.122,36,89
s45,rx,10,nocomm,16,0,1,656,658.9116,1349.432,44.762,2,16
s45,rx,14,nocomm,25,0,4,657,612.7955,1632.743,18.730,96,154
s45,rx,14,nocomm,26,14,4,658,595.6041,1498.528,16.171,91,147
s45,rx,14,comm,24,4,1,661,516.0139,1431.794,25.383,102,196
s45,rx,2,comm,3,13,1,665,565.8079,1890.517,24.030,88,163
s45,rx,10,nocomm,19,10,1,665,536.1973,1668.014,13.705,116,278
s45,rx,2,comm,2,13,4,666,603.6848,1526.485,20.766,103,252
s45,rx,6,comm,9,4,4,668,586.4081,1738.388,15.653,94,193
s45,rx,2,comm,3,12,1,673,656.8416,1374.585,17.136,32,47
s45,rx,14,nocomm,26,3,1,682,610.8580,1683.846,16.171,85,170
s45,rx,6,comm,10,2,4,686,610.1691,1615.125,15.479,119,225
s45,rx,8,nocomm,14,6,4,691,667.9509,1633.945,18.648,36,71
s45,rx,12,comm,21,6,4,697,655.0232,1533.944,20.642,43,152
s45,rx,6,comm,8,10,1,698,610.6625,1589.658,15.972,80,144
s45,rx,14,nocomm,24,14,4,712,601.0857,1456.093,23.241,94,230
s45,rx,12,nocomm,23,4,4,713,631.4996,1635.323,15.952,72,190
s45,rx,4,comm,4,5,1,715,664.3528,1631.841,13.760,46,109
s45,rx,12,nocomm,20,0,4,716,638.9426,1518.262,18.557,68,259
s45,rx,6,nocomm,11,11,4,723,618.6752,1677.024,17.017,110,208
s45,rx,12,nocomm,21,13,1,727,660.9749,1517.151,26.207,26,68
s45,rx,4,nocomm,5,12,1,729,672.2568,1717.095,15.721,54,93
s45,rx,6,comm,11,2,1,732,672.2337,1623.973,9.354,64,156
s45,rx,6,comm,9,1,4,736,656.2783,1726.957,12.738,81,159
s45,rx,2,nocomm,2,8,4,738,683.2388,1804.276,17.773,65,203
s45,rx,4,comm,6,6,4,739,669.0245,1736.036,20.456,82,145
s45,rx,2,comm,0,15,4,742,678.0483,1374.625,23.055,53,162
s45,rx,2,comm,3,3,1,743,607.3953,1630.200,16.416,102,207
s45,rx,10,nocomm,19,3,1,743,688.7458,1559.592,26.882,24,92
s45,rx,8,comm,15,5,4,747,682.9501,1779.181,19.720,87,243
s45,rx,8,comm,14,5,4,749,631.3002,2002.125,15.691,104,336
s45,rx,10,comm,16,9,4,749,697.8513,1655.235,18.454,65,122
s45,rx,14,comm,27,12,4,751,685.6969,1574.805,19.701,90,229
s45,rx,14,nocomm,27,6,4,755,697.5702,1771.377,15.721,84,192
s45,rx,12,nocomm,20,4,1,756,679.1837,2018.302,9.808,89,223
s45,rx,2,comm,0,7,1,760,704.0701,1771.538,20.267,88,136
s45,rx,6,nocomm,8,11,4,762,657.0792,1786.823,14.233,79,257
s45,rx,2,comm,1,15,1,764,686.5793,1744.336,15.561,90,138
s45,rx,14,nocomm,25,5,4,770,739.1756,1619.845,23.417,26,76
s45,rx,4,comm,5,3,4,772,733.8939,1736.319,18.273,46,190
s45,rx,8,comm,12,11,1,772,744.5565,1542.340,24.505,53,79
s45,rx,12,comm,22,6,1,772,661.4014,1586.370,26.837,92,249
s45,rx,8,nocomm,13,12,1,773,666.6418,1740.593,21.657,59,214
s45,rx,12,nocomm,20,9,1,783,732.6422,1680.408,21.819,66,166
s45,rx,12,nocomm,23,11,1,785,717.0985,1565.626,14.301,102,173
s45,rx,4,comm,4,6,4,787,688.8502,1755.525,21.370,86,327
s45,rx,4,comm,6,13,1,789,724.9116,1617.029,14.483,51,151
s45,rx,10,comm,18,1,4,790,680.9489,1538.300,19.098,88,239
s45,rx,6,comm,10,4,4,801,752.8073,1608.824,17.987,49,167
s45,rx,2,comm,0,6,1,803,744.9521,1684.919,20.788,107,216
s45,rx,6,comm,10,15,1,804,760.4550,1825.325,13.683,40,109
s45,rx,2,comm,0,14,4,810,752.1281,1752.438,22.965,59,206
s45,rx,10,comm,16,15,4,812,787.0409,1492.705,16.573,16,99
s45,rx,12,nocomm,21,0,1,686,648.8948,1690.668,20.295,6,43
s45,rx,2,comm,3,6,4,824,769.6046,1957.380,13.912,96,223
s45,rx,12,nocomm,21,3,1,824,742.5107,1959.947,26.483,85,234
s45,rx,12,nocomm,23,1,1,824,786.4427,1893.091,15.226,83,170
s45,rx,6,comm,11,12,1,828,785.5086,1654.687,23.073,55,153
s45,rx,8,nocomm,13,2,1,832,802.7808,1598.115,16.185,17,39
s45,rx,6,comm,8,2,1,835,775.8862,2044.897,19.425,36,118
s45,rx,10,comm,16,12,4,835,771.6926,1718.484,15.507,82,193
s45,rx,10,comm,18,15,4,853,805.3679,1613.713,18.652,38,116
s45,rx,12,nocomm,22,3,4,854,820.2676,1948.806,13.919,94,146
s45,rx,12,comm,23,10,4,854,777.9276,2055.105,20.078,93,189
s45,rx,8,nocomm,12,6,1,857,843.1506,1638.906,25.173,13,61
s45,rx,10,nocomm,17,3,4,860,832.4499,2081.850,21.568,53,114
s45,rx,12,nocomm,20,7,1,862,820.0197,2036.942,18.045,61,158
s45,rx,6,nocomm,10,0,4,867,836.9252,1907.296,12.473,85,175
s45,rx,6,nocomm,8,3,1,872,857.1146,1537.846,22.026,25,71
s45,rx,14,nocomm,26,13,1,870,729.3017,1830.670,18.623,66,183
s45,rx,6,nocomm,11,3,1,882,728.3569,2148.048,22.578,87,225
s45,rx,4,comm,7,3,1,883,859.4870,1766.771,25.439,35,81
s45,rx,8,nocomm,15,10,1,890,798.1257,2292.189,12.427,144,256
s45,rx,10,comm,17,15,1,895,819.4474,2330.317,18.061,107,240
s45,rx,6,comm,9,10,1,874,737.6417,2209.572,15.627,137,295
s45,rx,8,comm,12,5,1,901,877.9164,1775.237,22.751,64,100
s45,rx,6,nocomm,9,0,2,911,867.1426,2262.834,11.963,73,120
s45,rx,6,comm,9,1,2,175,119.2827,278.064,14.428,17,60
s45,rx,4,comm,4,9,1,912,764.2432,2101.604,14.130,206,422
s45,rx,12,nocomm,22,13,4,916,826.2113,2230.041,16.751,88,154
s45,rx,4,nocomm,6,0,1,918,810.2071,1917.713,22.341,61,177
s45,rx,14,nocomm,25,14,4,927,872.1260,2095.057,13.879,78,146
s45,rx,14,comm,27,4,1,927,838.5297,2166.888,15.230,60,149
s45,rx,14,nocomm,24,9,1,932,851.8064,1890.150,16.808,65,226
s45,rx,12,nocomm,20,15,4,933,889.1681,2195.821,18.352,33,74
s45,rx,14,nocomm,24,10,1,933,817.1472,2447.616,15.083,55,136
s45,rx,12,comm,20,10,4,948,781.0253,2079.390,15.171,159,305
s45,rx,4,comm,7,13,4,950,832.8570,2138.203,11.428,77,286
s45,rx,8,comm,14,7,4,952,893.3425,2068.640,14.905,84,227
s45,rx,6,comm,8,15,1,956,890.7775,2010.535,14.943,57,186
s45,rx,4,comm,5,14,1,957,906.1217,2104.934,13.061,43,169
s45,rx,2,comm,2,2,1,959,941.3135,1931.944,15.417,55,109
s45,rx,8,comm,15,9,1,959,895.8218,2324.878,11.904,85,210
s45,rx,10,nocomm,16,3,1,962,933.5259,1866.488,14.001,54,133
s45,rx,4,comm,7,5,4,971,932.9149,2025.963,16.381,59,149
s45,rx,4,comm,4,10,1,981,948.0696,2132.422,14.130,68,163
s45,rx,2,comm,1,4,4,982,923.5238,2130.023,17.161,51,175
s45,rx,14,nocomm,25,15,1,983,878.8986,2344.917,17.676,108,216
s45,rx,4,comm,4,2,1,984,938.4493,1925.042,20.239,48,140
s45,rx,4,nocomm,4,8,4,988,889.9013,2020.241,18.693,85,175
s45,rx,12,nocomm,22,0,1,992,948.2657,2004.937,14.243,105,219
s45,rx,2,comm,0,5,4,993,966.8932,2066.111,19.203,26,71
s45,rx,8,nocomm,12,2,4,1004,872.0670,2206.856,23.331,116,285
s45,rx,4,nocomm,7,4,1,1028,955.8586,2355.291,15.675,83,226
s45,rx,8,nocomm,14,14,1,1028,989.0891,2166.027,16.655,73,142
s45,rx,14,nocomm,26,10,4,1029,1006.7421,2182.887,13.084,36,67
s45,rx,4,comm,6,15,4,1035,983.3080,2665.789,17.277,5,36
s45,rx,4,comm,6,10,1,1040,961.0118,2250.977,17.633,93,195
s45,rx,12,comm,22,2,1,1049,962.7570,2337.576,19.002,86,274
s45,rx,4,comm,4,3,3,1050,965.4771,2934.006,13.834,30,80
s45,rx,12,nocomm,21,12,4,1052,997.3519,2546.735,23.134,68,105
s45,rx,12,nocomm,22,4,2,621,564.3964,1434.069,12.973,66,120
s45,rx,12,nocomm,22,8,2,1060,905.4003,3062.862,12.973,228,444
s45,rx,2,nocomm,0,8,1,1061,1018.0900,2262.057,19.974,61,125
s45,rx,6,nocomm,9,11,1,1071,1021.1961,2558.198,16.611,57,138
s45,rx,6,comm,8,14,4,1074,982.9783,2625.452,18.327,99,253
s45,rx,2,comm,2,4,1,1076,1028.7661,2602.454,16.460,76,195
s45,rx,4,nocomm,6,4,1,1076,905.5024,2270.101,12.912,138,376
s45,rx,8,comm,13,3,1,1076,1008.8540,2356.726,18.110,101,224
s45,rx,12,nocomm,21,11,1,1044,970.2446,2078.334,21.058,42,161
s45,rx,6,nocomm,8,13,4,1081,986.2281,2573.728,15.450,88,181
s45,rx,12,nocomm,23,8,1,740,657.6136,1427.500,20.394,38,103
s45,rx,10,comm,19,9,4,1092,1036.4298,2313.565,17.545,96,186
s45,rx,8,nocomm,14,8,1,1073,1017.2531,2301.014,16.655,92,143
s44,rx,4,nocomm,4,12,4,2,1.7511,34.114,37.277,0,2
s44,rx,14,nocomm,26,13,4,4,3.7543,21.357,40.367,1,4
s44,rx,12,nocomm,23,15,4,9,4.2720,47.103,29.562,1,5
s44,rx,10,comm,17,7,4,16,16.6193,30.415,70.505,0,0
s44,rx,6,comm,9,10,4,24,18.1594,78.315,31.532,10,24
s44,rx,8,nocomm,14,8,4,24,24.0949,56.269,29.110,2,6
s44,rx,12,nocomm,22,5,4,29,29.2107,55.162,42.411,0,0
s44,rx,14,nocomm,27,2,4,31,21.9937,83.709,29.077,20,30
s44,rx,2,comm,1,2,4,32,30.0561,188.325,28.434,8,10
s44,rx,12,nocomm,21,11,4,36,25.0863,89.831,26.716,6,36
s44,rx,6,nocomm,10,8,4,44,45.1540,150.790,27.145,5,14
s44,rx,6,comm,11,10,4,45,45.1809,100.920,39.696,9,26
s44,rx,8,nocomm,13,4,4,60,55.7196,128.331,36.993,3,12
s44,rx,12,comm,23,2,4,65,61.6326,193.920,40.839,3,7
s44,rx,12,comm,20,6,4,69,67.8935,228.498,27.859,13,15
s44,rx,14,nocomm,25,1,3,90,71.0454,327.032,29.992,29,61
s44,rx,2,nocomm,1,8,4,93,94.3859,170.799,32.510,3,8
s44,rx,6,nocomm,8,5,3,93,75.4651,243.564,16.684,9,20
s44,rx,6,comm,11,6,4,93,93.1734,195.023,49.361,2,9
s44,rx,4,nocomm,7,0,4,96,89.2393,253.398,32.388,15,50
s44,rx,4,comm,4,7,4,101,77.5630,252.133,21.034,40,70
s44,rx,14,nocomm,26,11,4,104,96.6259,249.261,26.026,21,27
s44,rx,14,nocomm,25,2,4,114,79.8536,296.455,26.734,15,37
s44,rx,12,nocomm,21,0,4,127,113.7895,367.911,23.602,27,62
s44,rx,6,nocomm,11,8,4,132,123.0094,321.289,34.154,37,57
s44,rx,8,comm,12,9,4,136,135.8531,215.796,32.148,6,20
s44,rx,10,nocomm,19,2,4,146,145.7452,410.342,24.962,17,32
s44,rx,2,comm,0,12,4,149,129.5464,299.621,21.694,32,48
s44,rx,12,nocomm,23,13,4,165,160.5139,513.863,37.062,14,70
s44,rx,14,nocomm,25,13,4,166,150.0189,523.595,18.139,43,95
s44,rx,4,comm,5,1,4,185,173.3179,490.955,28.927,29,50
s44,rx,2,comm,0,10,4,189,173.3853,571.382,24.871,40,115
s44,rx,10,comm,16,4,4,193,176.6948,560.015,24.063,53,86
s44,rx,14,nocomm,27,15,4,202,199.1355,550.636,14.911,24,71
s44,rx,10,nocomm,19,8,4,217,197.4745,713.364,19.479,44,120
s44,rx,8,comm,13,9,4,228,227.5831,485.828,22.862,14,41
s44,rx,2,comm,2,9,4,239,190.9033,569.684,30.885,43,100
s44,rx,8,comm,14,13,4,241,199.7593,728.214,25.139,47,98
s44,rx,6,nocomm,10,3,4,245,227.9186,726.878,21.439,43,164
s44,rx,12,nocomm,23,3,4,245,222.7258,973.690,17.463,66,118
s44,rx,4,comm,7,6,4,259,229.1216,507.009,27.396,59,123
s44,rx,6,nocomm,9,13,4,262,261.0519,764.755,23.472,13,85
s44,rx,12,comm,20,14,4,275,211.5297,784.029,20.732,74,215
s44,rx,8,comm,13,7,4,278,259.5513,737.629,17.096,48,75
s44,rx,4,comm,5,7,4,280,222.1930,671.305,23.550,68,179
s44,rx,10,nocomm,16,0,1,290,291.1526,507.621,30.630,6,19
s44,rx,8,comm,13,1,4,293,284.0212,750.843,18.158,28,98
s44,rx,10,nocomm,18,2,4,294,283.3512,845.585,18.008,63,117
s44,rx,12,comm,23,14,4,305,304.5115,736.071,19.331,20,53
s44,rx,8,comm,14,15,4,327,314.0157,1153.410,16.575,65,142
s44,rx,6,comm,8,1,4,331,330.4677,793.533,20.381,32,129
s44,rx,14,nocomm,24,1,4,335,254.6586,1052.474,22.693,81,136
s44,rx,12,nocomm,23,8,4,343,306.5082,1001.432,22.031,64,184
s44,rx,14,nocomm,24,7,4,348,335.8138,1042.849,16.485,56,141
s44,rx,10,comm,19,12,4,349,349.2722,966.353,9.497,27,109
s44,rx,6,comm,10,12,4,352,351.7278,891.167,27.145,9,83
s44,rx,8,nocomm,13,10,4,358,344.0235,1068.247,24.715,13,58
s44,rx,8,nocomm,13,12,1,361,363.3235,731.526,34.636,3,28
s44,rx,14,nocomm,27,1,4,361,330.2839,836.791,23.046,60,121
s44,rx,8,nocomm,15,4,4,364,348.0566,913.334,14.160,23,74
s44,rx,6,comm,8,12,4,370,341.1291,867.302,11.718,35,110
s44,rx,14,nocomm,24,2,4,375,361.8495,827.500,20.693,29,81
s44,rx,10,comm,19,15,4,381,357.8107,797.587,22.732,43,84
s44,rx,4,nocomm,4,4,1,388,337.7150,859.141,19.556,80,152
s44,rx,10,nocomm,17,6,1,388,383.5725,1031.958,18.840,18,60
s44,rx,4,nocomm,5,12,1,392,356.0994,958.169,13.995,78,140
s44,rx,2,comm,0,11,4,395,344.7428,1028.392,14.562,74,147
s44,rx,2,comm,1,1,1,395,391.3842,715.452,26.136,25,44
s44,rx,10,nocomm,17,11,4,400,375.4830,901.016,19.861,38,80
s44,rx,12,nocomm,23,0,3,400,350.4615,1337.175,15.431,82,276
s44,rx,14,nocomm,26,5,4,402,385.0554,983.304,13.737,39,98
s44,rx,4,comm,5,15,1,403,366.4262,1128.792,30.668,54,133
s44,rx,14,nocomm,27,14,4,407,383.7252,1018.620,21.165,60,148
s44,rx,10,comm,18,4,1,408,384.5884,981.803,15.934,63,101
s44,rx,14,nocomm,24,6,4,409,416.6991,789.294,43.851,5,36
s44,rx,2,comm,2,10,4,413,364.8239,948.341,15.963,84,182
s44,rx,14,comm,26,4,1,415,352.9348,950.730,17.894,127,267
s44,rx,4,comm,5,6,4,417,406.5197,949.216,23.713,40,64
s44,rx,6,comm,11,9,1,418,375.6523,1027.964,19.437,59,145
s44,rx,2,comm,1,5,1,421,423.7314,763.015,19.486,10,14
s44,rx,2,comm,2,3,4,427,362.7375,1190.599,17.908,92,189
s44,rx,6,nocomm,9,3,4,428,333.0404,852.789,18.775,114,239
s44,rx,8,nocomm,13,14,4,430,435.9157,1126.366,34.718,9,9
s44,rx,8,nocomm,15,8,1,430,405.7035,1133.382,28.288,63,128
s44,rx,2,comm,3,4,1,432,415.4982,908.805,23.625,33,56
s44,rx,2,comm,1,7,4,437,429.1940,1003.314,21.459,34,90
s44,rx,2,comm,1,12,4,438,398.8047,1275.721,19.210,54,199
s44,rx,12,nocomm,22,4,4,439,380.6769,1163.226,15.596,101,201
s44,rx,4,comm,6,11,1,446,410.3339,990.502,14.034,35,79
s44,rx,8,nocomm,15,14,1,447,404.0734,1187.781,20.006,84,215
s44,rx,6,comm,10,10,4,452,438.6070,1237.654,31.725,13,63
s44,rx,6,comm,9,14,4,464,458.3655,934.510,20.554,22,63
s44,rx,14,nocomm,27,8,4,464,413.1900,1223.458,23.046,66,131
s44,rx,6,comm,8,6,1,470,416.3653,1184.932,17.411,104,209
s44,rx,2,comm,3,2,4,473,421.8164,1520.275,18.290,83,158
s44,rx,10,nocomm,16,13,4,473,392.5908,1589.416,19.921,112,246
s44,rx,14,comm,27,4,1,476,444.8687,941.580,22.636,58,107
s44,rx,14,nocomm,25,0,1,477,473.7822,1013.756,31.423,20,45
s44,rx,10,nocomm,16,6,4,491,476.0565,1026.842,32.198,14,44
s44,rx,12,nocomm,23,9,1,494,473.6510,1297.472,15.431,33,67
s44,rx,4,nocomm,5,4,4,498,480.9927,1372.211,13.995,94,155
s44,rx,8,nocomm,14,12,1,502,481.8744,1266.331,21.409,32,86
s44,rx,8,comm,15,1,4,502,475.0650,920.960,14.663,52,90
s44,rx,12,nocomm,20,8,1,511,499.1539,1244.994,20.783,50,116
s44,rx,14,nocomm,26,8,4,513,465.5957,1381.663,20.939,74,158
s44,rx,8,nocomm,12,0,1,514,477.9941,1238.090,16.536,55,141
s44,rx,8,comm,14,1,1,515,509.7034,1131.285,21.831,27,65
s44,rx,12,nocomm,20,4,1,517,506.4996,1021.373,23.353,19,67
s44,rx,6,comm,10,7,4,528,494.7820,1479.619,22.628,44,69
s44,rx,8,comm,12,11,1,528,486.6924,1323.826,22.868,112,196
s44,rx,10,comm,17,9,4,529,490.0983,1169.711,21.559,77,214
s44,rx,2,comm,3,13,1,531,459.3804,1399.248,22.045,115,293
s44,rx,2,comm,3,12,1,533,519.7048,1496.836,18.290,34,89
s44,rx,4,comm,4,1,1,533,509.4559,910.506,21.444,71,112
s44,rx,10,nocomm,18,3,1,538,538.7851,1217.949,18.659,24,61
s44,rx,10,nocomm,18,10,4,539,515.3287,1477.616,22.518,64,133
s44,rx,12,nocomm,22,1,1,545,473.7141,1318.475,15.596,110,239
s44,rx,4,nocomm,7,8,4,549,533.3805,1417.910,24.859,59,178
s44,rx,10,comm,19,7,1,550,488.5321,1264.736,25.395,85,162
s44,rx,14,nocomm,27,7,4,552,513.9456,1440.504,19.720,94,191
s44,rx,6,comm,11,14,1,555,546.6409,1459.211,17.149,44,96
s44,rx,4,comm,7,1,1,562,522.5421,1685.426,16.402,78,170
s44,rx,2,comm,2,11,1,566,493.4127,1376.089,13.386,121,193
s44,rx,12,nocomm,20,11,1,566,503.9725,1483.958,17.277,104,255
s44,rx,6,nocomm,10,5,1,567,568.2725,1075.015,22.451,20,57
s44,rx,8,comm,12,13,1,569,555.0925,1238.507,22.819,60,113
s44,rx,8,comm,12,15,4,569,528.8322,1360.384,14.778,76,181
s44,rx,6,comm,9,12,4,572,564.9743,1380.621,20.144,21,132
s44,rx,14,comm,24,4,1,575,457.0331,1389.807,22.693,77,175
s44,rx,14,nocomm,25,6,1,580,528.6993,1718.752,16.708,119,198
s44,rx,2,comm,1,10,1,586,522.8110,1591.312,26.828,96,245
s44,rx,8,comm,13,15,1,588,563.8093,1721.618,16.759,52,106
s44,rx,14,nocomm,24,11,1,591,550.1681,1243.972,19.381,90,192
s44,rx,2,comm,2,6,1,597,578.0373,1308.224,20.702,57,165
s44,rx,14,nocomm,26,3,1,599,552.1606,1700.553,17.160,96,242
s44,rx,14,nocomm,24,10,1,600,552.0126,1753.985,16.485,56,134
s44,rx,10,nocomm,18,0,1,602,565.3701,1562.795,14.988,46,133
s44,rx,12,nocomm,22,12,4,602,592.8207,1246.557,32.843,32,91
s44,rx,6,comm,11,2,1,606,603.2936,1402.262,14.187,43,107
s44,rx,12,comm,22,6,1,608,592.4580,1267.667,31.858,24,85
s44,rx,6,nocomm,9,8,1,616,512.8080,2033.811,15.474,189,304
s44,rx,8,comm,15,9,1,617,591.6377,1156.887,19.995,67,164
s44,rx,10,nocomm,19,10,1,617,570.6061,1735.343,18.531,111,192
s44,rx,2,comm,2,1,4,622,614.6937,1695.302,15.963,77,210
s44,rx,10,nocomm,16,10,1,622,528.2843,1877.333,15.958,117,201
s44,rx,6,nocomm,11,5,4,623,569.8965,2205.778,16.558,53,97
s44,rx,2,comm,3,3,1,628,504.4249,1752.749,20.186,178,352
s44,rx,12,nocomm,23,1,1,633,572.3342,1538.166,19.331,90,167
s44,rx,10,nocomm,17,0,1,637,604.6418,1522.509,23.526,71,133
s44,rx,8,nocomm,15,0,1,643,626.8447,1737.735,20.006,68,160
s44,rx,10,comm,19,1,1,647,606.8574,1593.257,16.028,109,274
s44,rx,12,nocomm,21,1,4,647,577.8888,1902.126,28.494,77,142
s44,rx,12,nocomm,21,15,4,649,598.0125,2315.716,19.501,69,111
s44,rx,14,nocomm,24,5,4,649,620.8811,1843.917,19.381,28,85
s44,rx,6,nocomm,10,11,1,650,613.9440,1672.975,22.237,90,211
s44,rx,8,comm,14,3,1,650,615.1678,1605.009,14.464,49,140
s44,rx,2,nocomm,0,0,1,653,638.0604,1285.946,23.159,27,59
s44,rx,4,comm,6,3,1,655,612.9212,2001.996,16.711,136,229
s44,rx,14,nocomm,26,14,4,658,593.8798,1769.493,25.561,37,110
s44,rx,10,comm,18,12,1,660,648.4680,1835.846,27.491,21,154
s44,rx,2,comm,2,13,4,666,634.9630,1761.896,24.344,83,215
s44,rx,6,comm,9,4,4,668,649.2620,1873.742,18.189,79,166
s44,rx,4,comm,4,5,1,678,642.4522,1726.542,20.182,80,232
s44,rx,6,comm,10,15,1,678,654.0557,1617.621,15.792,59,117
s44,rx,6,comm,9,15,1,683,560.9296,1928.814,21.960,111,219
s44,rx,6,comm,10,2,4,686,652.6645,1704.019,16.625,116,218
s44,rx,8,nocomm,14,6,4,691,692.4424,1427.271,17.138,43,62
s44,rx,6,nocomm,11,3,1,692,593.7003,1591.566,17.309,61,165
s44,rx,12,comm,21,6,4,697,705.6156,1308.963,16.585,12,48
s44,rx,6,comm,8,7,1,708,685.1061,2262.110,16.684,25,60
s44,rx,14,nocomm,24,14,4,712,634.9537,2247.784,16.114,150,363
s44,rx,12,nocomm,23,4,4,713,674.7680,1687.105,21.865,56,176
s44,rx,12,nocomm,20,0,4,716,719.5811,2086.373,17.277,50,297
s44,rx,6,comm,11,12,1,720,724.9721,1524.589,31.977,16,79
s44,rx,6,nocomm,11,11,4,723,692.4009,1807.731,26.337,71,113
s44,rx,14,comm,25,12,1,730,639.0012,1890.338,15.558,119,198
s44,rx,14,nocomm,26,0,1,730,668.1924,1849.094,18.685,96,195
s44,rx,6,nocomm,8,11,1,731,701.2599,1940.444,18.168,53,122
s44,rx,6,comm,9,1,4,736,718.9959,1632.503,15.474,57,190
s44,rx,2,nocomm,2,8,4,738,718.5126,2225.923,21.413,55,179
s44,rx,4,comm,6,6,4,739,603.9833,2226.854,14.760,207,385
s44,rx,12,nocomm,23,11,1,740,703.3556,1858.877,22.697,61,217
s44,rx,2,comm,0,15,4,742,743.9442,1239.636,26.691,6,30
s44,rx,6,comm,8,10,1,743,684.3385,2301.909,15.636,86,177
s44,rx,6,comm,8,15,1,744,732.1512,1491.762,24.714,24,74
s44,rx,8,comm,15,5,4,747,738.5927,1926.145,16.219,52,206
s44,rx,4,nocomm,4,0,1,748,735.4753,1509.174,25.121,65,145
s44,rx,8,comm,14,5,4,749,687.2124,2465.871,14.464,129,304
s44,rx,10,comm,16,9,4,749,715.1492,1798.062,15.958,57,142
s44,rx,14,comm,27,12,4,751,739.7087,1684.751,18.347,40,195
s44,rx,14,nocomm,27,6,4,755,741.0756,1663.568,32.356,30,113
s44,rx,10,nocomm,19,3,1,760,705.0153,1692.403,22.339,88,174
s44,rx,12,nocomm,20,7,1,762,712.6620,1832.175,24.546,105,185
s44,rx,14,nocomm,25,5,4,770,737.4608,2582.511,18.139,41,84
s44,rx,4,comm,5,3,4,772,766.3857,1461.300,17.442,25,77
s44,rx,12,nocomm,20,9,1,772,754.1192,1566.480,24.546,54,131
s44,rx,14,nocomm,24,9,1,772,766.9805,1393.797,25.894,49,130
s44,rx,4,comm,4,9,1,773,742.9628,1660.881,19.556,79,161
s44,rx,8,nocomm,13,2,1,780,784.0854,1505.103,20.256,23,89
s44,rx,4,comm,4,6,4,787,777.2230,1785.268,24.077,71,159
s44,rx,10,comm,18,1,4,790,780.6297,2331.939,19.174,71,278
s44,rx,6,nocomm,8,8,1,794,754.3396,1887.008,18.168,52,116
s44,rx,6,comm,10,4,4,801,808.4164,1458.309,27.362,8,46
s44,rx,12,comm,22,2,1,802,805.0272,1985.575,15.566,30,141
s44,rx,4,comm,5,11,1,803,779.5916,2172.087,17.829,49,111
s44,rx,4,comm,4,3,3,808,742.1373,3333.668,21.313,53,134
s44,rx,8,nocomm,14,4,1,809,737.5206,2675.997,22.270,61,113
s44,rx,2,comm,0,14,4,810,809.4863,1391.077,19.602,43,98
s44,rx,10,comm,16,15,4,812,789.0355,1881.675,14.412,65,216
s44,rx,14,nocomm,24,15,1,814,763.4276,2094.766,30.686,33,80
s44,rx,14,nocomm,27,9,1,817,811.3005,1847.002,17.618,61,95
s44,rx,4,comm,7,3,1,820,800.1044,1664.513,27.396,53,153
s44,rx,2,comm,3,6,4,824,798.7982,1701.824,19.627,48,170
s44,rx,10,comm,16,12,4,835,782.5558,2573.360,21.370,69,222
s44,rx,6,comm,9,2,1,836,839.7697,1827.298,18.189,31,96
s44,rx,10,nocomm,17,10,1,836,799.2682,2427.058,15.642,87,169
s44,rx,14,nocomm,25,2,1,724,715.5461,1174.053,34.590,10,15
s44,rx,2,comm,0,1,1,841,792.8085,3427.048,18.969,50,98
s44,rx,4,comm,6,13,1,845,788.0261,1927.793,14.360,94,249
s44,rx,2,comm,1,11,1,847,760.4776,2819.497,22.406,70,125
s44,rx,10,comm,18,15,4,853,831.8846,1989.780,18.008,66,237
s44,rx,12,nocomm,22,3,4,854,782.4561,3469.449,13.364,80,174
s44,rx,12,comm,23,10,4,854,808.4352,2595.642,20.520,66,152
s44,rx,4,comm,4,2,1,859,855.4393,1546.192,20.903,45,108
s44,rx,4,comm,6,5,1,860,760.4338,2996.823,14.034,121,234
s44,rx,10,nocomm,17,3,4,860,827.8375,2906.337,18.015,46,76
s44,rx,6,nocomm,10,0,4,867,799.5493,3066.407,14.048,111,222
s44,rx,2,comm,1,9,1,872,802.8970,3109.211,16.976,72,200
s44,rx,12,nocomm,20,5,1,872,733.9988,2403.225,20.783,198,383
s44,rx,2,comm,0,7,1,875,822.1816,2362.477,23.744,162,300
s44,rx,10,nocomm,18,14,1,881,827.5445,2484.861,14.383,68,197
s44,rx,6,comm,9,6,1,886,861.6201,2537.662,18.418,85,313
s44,rx,8,nocomm,12,6,1,889,877.9800,1792.841,20.143,43,101
s44,rx,14,nocomm,26,13,1,886,825.4406,2236.584,16.955,97,164
s44,rx,14,nocomm,25,13,1,741,670.7488,1489.542,21.131,45,124
s44,rx,12,comm,21,14,1,912,845.0692,1835.461,13.242,167,320
s44,rx,12,nocomm,22,13,4,916,876.3965,3918.628,27.530,40,86
s44,rx,2,comm,1,15,1,919,898.3857,2118.982,19.486,65,120
s44,rx,12,comm,21,2,1,925,868.0926,2657.057,16.585,105,240
s44,rx,14,nocomm,25,14,4,927,888.1338,2204.201,18.639,60,237
s44,rx,12,nocomm,20,15,4,933,890.5693,4312.869,35.988,28,42
s44,rx,6,nocomm,8,3,4,938,922.7510,2227.992,20.478,43,185
s44,rx,2,comm,2,12,1,939,829.2183,2519.124,11.875,98,161
s44,rx,4,comm,7,14,1,942,895.5792,2553.755,18.318,63,119
s44,rx,8,comm,13,3,1,943,905.1188,2247.247,17.574,129,239
s44,rx,8,comm,12,5,1,948,908.3173,2011.268,18.988,70,205
s44,rx,12,comm,20,10,4,948,846.1516,2541.300,15.248,132,348
s44,rx,12,comm,22,10,1,949,815.4726,3114.679,15.566,99,272
s44,rx,4,comm,7,13,4,950,862.2828,2723.194,15.144,216,399
s44,rx,8,comm,14,7,4,952,938.3894,1990.216,36.882,48,122
s44,rx,8,nocomm,14,2,1,955,959.1441,1883.645,16.950,31,145
s44,rx,8,nocomm,14,14,1,956,939.3350,2019.995,23.304,81,156
s44,rx,14,nocomm,25,8,3,958,841.9403,2964.833,21.169,164,318
s44,rx,14,nocomm,25,15,1,962,904.5329,2679.811,18.639,109,287
s44,rx,4,comm,7,5,4,971,947.6761,2373.812,16.953,106,239
s44,rx,8,nocomm,14,8,1,950,939.7449,1872.198,18.121,41,76
s44,rx,2,nocomm,0,8,1,976,935.9030,1912.559,17.629,100,188
s44,rx,2,nocomm,0,8,2,1,0.3936,0.000,5.342,1,1
s44,rx,2,comm,0,15,2,235,221.7404,521.618,5.342,3,18
s44,rx,2,comm,3,14,3,977,943.7788,2439.132,18.680,58,148
s44,rx,4,comm,5,5,1,979,906.6061,3103.052,14.245,86,140
s44,rx,10,comm,17,7,1,964,912.2170,2565.143,18.462,66,267
s44,rx,2,comm,1,4,4,982,982.0898,2082.167,17.340,45,189
s44,rx,10,nocomm,16,2,3,986,924.4932,3970.967,19.921,65,137
s44,rx,2,comm,0,12,1,839,728.3712,2072.057,16.691,83,189
s44,rx,4,nocomm,4,8,4,988,891.0237,2997.666,14.325,117,278
s44,rx,10,comm,17,15,1,988,916.8965,2696.777,18.058,173,374
s44,rx,6,nocomm,9,0,3,990,885.2801,4129.607,14.928,103,171
s44,rx,10,nocomm,18,6,1,990,847.1092,3118.974,14.383,136,277
s44,rx,2,comm,0,5,4,993,951.2828,2433.115,14.562,93,206
s44,rx,12,comm,20,2,2,997,947.1072,3185.935,9.009,36,98
s44,rx,12,nocomm,20,12,2,997,942.3906,2891.962,9.009,68,219
s44,rx,8,comm,15,13,1,1000,996.1495,1955.740,21.720,24,79
s44,rx,8,nocomm,12,2,4,1004,873.4397,3166.325,10.858,130,605
s44,rx,4,comm,4,10,1,1005,1007.7726,2774.758,18.731,30,101
s44,rx,12,comm,23,14,1,701,600.1919,1842.307,13.329,113,291
s44,rx,14,nocomm,26,2,1,1006,949.3566,2850.260,26.026,90,225
s44,rx,10,nocomm,18,13,1,1012,973.7164,2209.651,25.196,70,199
s44,rx,2,comm,3,9,1,1016,1020.2513,2425.629,22.045,61,197
s44,rx,12,comm,20,6,1,952,915.6589,2193.666,26.159,24,53
s44,rx,12,nocomm,21,7,1,1021,951.2717,3352.608,18.771,75,265
s44,rx,2,comm,2,4,1,1024,1019.8099,2389.883,13.386,62,207
s44,rx,12,nocomm,21,11,1,991,952.5117,1891.833,15.715,57,144
s44,rx,12,nocomm,23,3,1,784,771.2264,1470.487,17.850,10,27
s44,rx,14,nocomm,26,10,4,1029,920.1025,3184.523,18.685,143,314
s44,rx,8,nocomm,14,10,1,1034,992.9896,2952.240,11.830,71,201
s44,rx,4,comm,6,15,4,1035,935.1555,3609.024,18.031,92,215
s44,rx,6,nocomm,9,11,1,1035,1019.0733,2797.228,15.112,33,126
s44,rx,4,comm,6,2,1,1036,1008.3730,2886.351,16.641,52,150
s44,rx,12,nocomm,21,3,1,1036,1030.2177,2707.386,28.474,23,163
s44,rx,12,nocomm,22,0,1,1046,1049.1240,2098.635,33.042,26,136
s44,rx,8,comm,12,7,1,1051,931.4467,2781.369,14.773,190,427
s44,rx,12,nocomm,21,12,4,1052,991.2491,3550.898,18.597,104,222
s44,rx,12,nocomm,21,9,2,1058,1036.1744,3715.152,8.211,21,92
s44,rx,12,comm,21,10,2,1058,976.6888,2443.431,8.211,78,182
s44,rx,2,comm,0,13,1,1061,1067.5104,2371.333,14.778,45,129
s44,rx,10,nocomm,19,5,1,1061,1050.7227,2287.709,25.579,26,146
s44,rx,6,comm,8,14,4,1074,956.7029,3253.406,20.381,169,357
s44,rx,6,nocomm,8,13,4,1081,1018.1463,3424.749,11.718,97,221
s44,rx,4,comm,5,6,1,667,648.4771,1195.891,29.379,6,29
s44,rx,10,nocomm,17,6,1,696,655.1663,1335.731,21.183,69,148
s44,rx,12,nocomm,23,13,1,921,883.2268,1888.852,20.219,36,98
s44,rx,6,comm,11,9,1,670,656.2350,1147.865,18.838,12,23
s44,rx,4,comm,5,6,2,6,0.8587,4.485,13.592,1,6
s44,rx,4,nocomm,5,8,2,1090,1091.3998,2644.586,12.248,73,252
s44,rx,14,nocomm,27,3,1,1090,1045.9747,2992.385,20.255,89,171
s44,rx,10,nocomm,17,14,1,1091,1082.2694,2637.708,16.448,67,270
s44,rx,10,comm,19,9,4,1092,1081.3374,3472.090,16.028,23,92
s42,rx,4,nocomm,4,12,4,2,1.9893,16.626,53.551,0,0
s42,rx,14,nocomm,26,13,4,4,3.9774,30.722,31.310,0,0
s42,rx,12,nocomm,23,15,4,9,5.9867,16.209,30.789,3,3
s42,rx,10,comm,17,7,4,16,16.1521,37.474,71.099,0,0
s42,rx,6,comm,9,10,4,24,19.4779,87.925,29.326,7,15
s42,rx,8,nocomm,14,8,4,24,24.6826,52.926,29.065,0,0
s42,rx,12,nocomm,22,5,4,29,29.4201,67.728,62.811,0,0
s42,rx,14,nocomm,27,2,4,31,24.3204,88.455,46.433,20,29
s42,rx,2,comm,1,2,4,32,32.8819,84.252,54.291,0,4
s42,rx,12,nocomm,21,11,4,36,29.7086,62.916,33.779,3,9
s42,rx,10,nocomm,16,2,3,41,35.6054,138.989,28.271,23,34
s42,rx,6,nocomm,10,8,4,44,39.6198,132.523,20.315,7,12
s42,rx,10,comm,16,7,3,44,33.5869,121.315,23.807,36,44
s42,rx,6,comm,11,10,4,45,46.7584,97.810,35.637,3,3
s42,rx,8,nocomm,13,4,4,60,46.8078,126.513,18.830,10,34
s42,rx,12,comm,23,2,4,65,66.8310,171.188,45.513,2,10
s42,rx,12,comm,20,6,4,69,70.5624,155.380,27.939,0,0
s42,rx,14,comm,24,12,3,79,68.3225,171.266,27.334,40,61
s42,rx,2,nocomm,1,8,4,93,87.2335,185.305,23.292,26,32
s42,rx,6,comm,11,6,4,93,78.8617,165.020,44.600,5,13
s42,rx,4,nocomm,7,0,4,96,79.0837,244.689,19.824,17,64
s42,rx,4,comm,4,7,4,101,87.1585,306.979,19.721,36,50
s42,rx,14,nocomm,26,11,4,104,93.7738,347.077,20.873,37,45
s42,rx,14,nocomm,25,2,4,114,78.6699,307.939,20.698,33,80
s42,rx,12,nocomm,21,0,4,127,107.5446,347.079,25.705,24,68
s42,rx,6,nocomm,11,8,4,132,127.8354,293.335,27.069,18,24
s42,rx,8,comm,12,9,4,136,140.7851,195.490,23.922,0,1
s42,rx,10,nocomm,19,0,3,144,118.6863,352.968,16.897,43,85
s42,rx,10,nocomm,19,2,4,146,139.0393,257.232,31.247,16,48
s42,rx,2,comm,0,12,4,149,146.8620,283.520,39.344,21,33
s42,rx,12,nocomm,23,13,4,165,164.8277,377.312,25.513,8,29
s42,rx,14,nocomm,25,13,4,166,121.7273,393.642,13.979,38,152
s42,rx,4,comm,5,1,4,185,174.7685,543.516,24.567,40,62
s42,rx,2,comm,0,10,4,189,168.6670,559.719,20.668,53,120
s42,rx,10,comm,16,4,4,193,174.2010,537.614,25.048,48,97
s42,rx,14,nocomm,27,15,4,202,171.6307,437.961,16.111,26,106
s42,rx,10,nocomm,19,8,4,217,202.4265,644.512,15.647,52,117
s42,rx,8,comm,13,9,4,228,198.0512,344.475,23.529,24,68
s42,rx,2,comm,2,9,4,239,228.2336,593.390,18.707,38,66
s42,rx,8,comm,14,13,4,241,221.3683,520.756,24.319,47,87
s42,rx,6,nocomm,10,3,4,245,205.4576,558.262,19.545,74,125
s42,rx,12,nocomm,23,3,4,245,192.4762,778.091,12.611,83,156
s42,rx,2,comm,2,13,3,247,222.9135,624.053,16.256,73,165
s42,rx,10,nocomm,16,8,3,253,214.8109,574.246,23.053,47,127
s42,rx,8,nocomm,14,6,2,257,244.9964,579.651,14.717,48,112
s42,rx,8,nocomm,14,10,2,257,217.7411,406.220,14.717,52,135
s42,rx,8,comm,14,15,3,257,210.0125,645.700,11.948,96,188
s42,rx,4,comm,7,6,4,259,264.9734,467.048,37.584,2,6
s42,rx,6,nocomm,9,13,4,262,224.7777,623.751,24.096,37,142
s42,rx,12,comm,20,14,4,275,243.0674,662.582,13.203,36,169
s42,rx,8,comm,13,7,4,278,236.6987,721.172,21.215,80,94
s42,rx,4,comm,5,7,4,280,197.3608,777.231,24.567,65,155
s42,rx,8,comm,13,1,4,293,246.8324,496.213,27.303,19,57
s42,rx,10,nocomm,18,2,4,294,285.0645,614.619,16.336,29,100
s42,rx,12,comm,23,14,4,305,300.4242,800.676,42.647,22,107
s42,rx,10,nocomm,16,0,1,326,331.0010,615.511,43.150,4,12
s42,rx,6,comm,8,1,4,331,315.4427,762.500,18.004,23,99
s42,rx,14,nocomm,24,1,4,335,320.3799,771.178,16.722,58,106
s42,rx,12,nocomm,23,8,4,343,298.2575,898.443,19.755,62,154
s42,rx,14,nocomm,24,7,4,348,291.1028,821.705,15.926,111,178
s42,rx,10,comm,19,12,4,349,337.0884,951.197,16.864,52,123
s42,rx,6,comm,10,12,4,352,320.4761,941.876,17.772,43,113
s42,rx,8,nocomm,13,10,4,358,358.4287,750.970,20.889,30,63
s42,rx,14,nocomm,27,1,4,361,330.6393,546.768,32.464,42,98
s42,rx,8,nocomm,15,4,4,364,333.1647,712.439,29.389,47,158
s42,rx,6,comm,8,12,4,370,341.8437,883.070,14.743,82,159
s42,rx,2,comm,1,5,1,374,379.3104,652.204,22.946,8,10
s42,rx,6,nocomm,9,8,1,375,381.4828,625.450,22.525,9,12
s42,rx,14,nocomm,24,2,4,375,372.4727,760.414,16.722,18,57
s42,rx,2,comm,2,3,1,378,372.5142,945.623,17.220,47,82
s42,rx,10,comm,19,15,4,381,372.8677,844.141,16.745,36,60
s42,rx,2,comm,0,11,4,395,334.6496,916.248,17.714,53,171
s42,rx,10,nocomm,17,11,4,400,390.5925,1020.161,13.578,54,152
s42,rx,14,nocomm,26,5,4,402,344.4196,1083.415,16.392,105,250
s42,rx,14,nocomm,27,14,4,407,337.7096,1183.958,16.310,100,235
s42,rx,14,nocomm,24,6,4,409,387.1652,1021.037,15.905,60,136
s42,rx,2,comm,2,10,4,413,371.1000,1018.196,14.909,111,201
s42,rx,4,comm,5,6,4,417,386.8773,944.053,21.233,65,103
s42,rx,8,nocomm,15,14,1,419,337.1877,846.324,16.842,66,149
s42,rx,6,nocomm,9,3,4,428,422.8998,1042.088,17.479,55,69
s42,rx,8,nocomm,13,14,4,430,438.3809,1136.858,16.310,37,59
s42,rx,2,comm,3,4,1,434,405.3950,867.223,11.863,82,113
s42,rx,2,comm,1,7,4,437,392.4011,817.977,15.158,86,230
s42,rx,2,comm,1,12,4,438,288.2044,1182.102,17.001,89,202
s42,rx,4,nocomm,5,12,1,438,380.3654,848.595,16.992,57,163
s42,rx,4,comm,6,11,1,439,424.0545,816.273,22.794,32,76
s42,rx,12,nocomm,22,4,4,439,428.7636,1414.313,16.573,84,155
s42,rx,8,comm,12,11,1,440,419.0040,926.956,20.103,55,103
s42,rx,6,comm,10,10,4,452,392.9774,996.473,23.078,75,195
s42,rx,6,comm,9,14,4,464,419.8401,1208.793,15.950,118,218
s42,rx,14,nocomm,27,8,4,464,332.5796,1067.275,25.196,95,222
s42,rx,4,comm,7,1,1,465,413.8481,1080.583,16.091,65,163
s42,rx,2,comm,3,2,4,473,436.7442,1124.359,19.479,61,116
s42,rx,10,nocomm,16,13,4,473,396.6371,1290.465,12.737,85,148
s42,rx,10,nocomm,16,10,1,474,447.6962,1270.973,15.864,102,179
s42,rx,8,comm,13,15,1,479,422.4176,1042.276,13.464,100,235
s42,rx,14,nocomm,25,0,1,488,485.5943,922.906,24.832,10,28
s42,rx,10,nocomm,16,6,4,491,483.1606,1055.190,17.182,31,57
s42,rx,2,comm,3,13,1,496,447.7206,961.106,19.407,78,133
s42,rx,4,nocomm,5,4,4,498,428.5581,837.623,25.966,79,124
s42,rx,8,comm,15,1,4,502,502.0151,916.114,20.098,21,33
s42,rx,8,nocomm,13,12,1,504,492.2368,1396.356,17.957,53,109
s42,rx,2,comm,1,1,1,509,504.7580,1457.870,12.964,57,139
s42,rx,12,nocomm,23,9,1,512,470.8035,1208.517,16.757,77,186
s42,rx,14,nocomm,26,8,4,513,439.3007,982.900,19.549,83,226
s42,rx,14,nocomm,25,6,1,518,451.7540,1472.727,15.336,81,182
s42,rx,6,comm,10,7,4,528,461.2447,1487.557,18.583,82,164
s42,rx,10,nocomm,17,6,1,529,446.6824,1218.095,13.478,138,297
s42,rx,10,comm,17,9,4,529,525.4995,923.354,23.098,34,68
s42,rx,10,nocomm,18,10,4,539,535.9204,1201.649,12.453,21,84
s42,rx,14,nocomm,27,9,1,539,424.4935,983.163,16.720,103,196
s42,rx,4,nocomm,7,8,4,549,532.0821,1485.374,15.663,112,211
s42,rx,10,nocomm,18,3,1,549,539.0696,979.986,24.159,39,127
s42,rx,6,comm,11,2,1,550,541.9171,992.650,17.674,19,59
s42,rx,8,comm,14,1,1,550,525.3308,1420.291,15.059,72,114
s42,rx,14,nocomm,27,7,4,552,534.4330,1005.436,20.785,35,70
s42,rx,10,comm,19,7,1,558,510.0738,1493.356,16.594,75,207
s42,rx,8,comm,12,13,1,568,571.1710,1056.199,23.922,13,31
s42,rx,8,comm,12,15,4,569,550.1609,1483.824,11.945,84,200
s42,rx,2,comm,2,6,1,571,569.0361,975.416,24.167,23,75
s42,rx,12,nocomm,20,11,1,571,550.5725,1134.633,20.859,65,129
s42,rx,6,comm,9,12,4,572,552.9952,1255.523,20.710,58,149
s42,rx,10,nocomm,17,0,1,573,520.1808,1208.524,20.628,76,177
s42,rx,6,nocomm,10,5,1,577,583.1636,1027.958,20.005,17,46
s42,rx,4,comm,4,1,1,579,580.2872,1179.976,16.563,43,98
s42,rx,8,nocomm,15,0,1,592,573.0061,1276.527,20.110,55,161
s42,rx,14,nocomm,26,3,1,592,581.7928,1499.777,22.631,55,105
s42,rx,2,comm,1,10,1,593,481.5296,1052.967,21.907,66,177
s42,rx,12,nocomm,20,8,1,599,540.2236,1663.213,15.912,92,165
s42,rx,12,nocomm,22,12,4,602,608.9051,1158.342,18.609,26,65
s42,rx,6,nocomm,10,11,1,604,600.5696,1296.718,18.239,46,100
s42,rx,6,comm,8,10,1,609,551.6342,1795.753,12.039,165,316
s42,rx,10,comm,18,12,1,610,586.8658,1456.697,15.271,43,150
s42,rx,14,comm,26,4,1,621,622.3096,1379.392,30.729,29,55
s42,rx,2,comm,2,1,4,622,615.7176,1184.612,21.353,39,118
s42,rx,12,nocomm,22,1,1,622,546.3875,1312.270,16.843,74,201
s42,rx,6,nocomm,11,5,4,623,624.8702,1817.408,16.622,29,57
s42,rx,2,nocomm,0,0,1,624,604.4034,1179.781,33.175,16,39
s42,rx,8,comm,15,9,1,642,630.1544,1250.629,17.148,69,147
s42,rx,12,nocomm,21,1,4,647,642.9169,1540.333,17.663,38,92
s42,rx,14,comm,24,4,1,647,553.3688,1431.515,30.150,69,198
s42,rx,12,nocomm,21,15,4,649,643.8326,1487.275,13.734,50,114
s42,rx,14,nocomm,24,5,4,649,541.9113,1320.514,16.772,121,207
s42,rx,14,nocomm,26,14,4,658,623.4355,1731.430,16.960,86,190
s42,rx,6,comm,9,4,4,668,676.0411,1357.439,22.922,36,83
s42,rx,12,nocomm,23,1,1,673,631.3801,1619.660,17.350,149,274
s42,rx,14,nocomm,24,11,1,673,657.6347,1365.715,16.772,61,149
s42,rx,12,nocomm,23,0,1,675,682.1575,1390.427,17.971,28,40
s42,rx,10,nocomm,19,10,1,677,644.2941,1960.156,16.594,109,245
s42,rx,6,comm,10,2,4,686,671.6210,1757.162,19.647,104,241
s42,rx,2,comm,0,7,1,687,612.6173,1546.722,16.481,119,255
s42,rx,6,comm,11,9,1,694,499.8801,1783.985,15.927,133,356
s42,rx,10,nocomm,18,0,1,694,648.6105,1675.730,20.804,83,208
s42,rx,10,comm,19,1,4,694,673.1898,1870.585,15.647,89,190
s42,rx,8,nocomm,12,0,1,696,561.5011,1677.552,14.283,179,335
s42,rx,6,comm,10,15,1,697,551.7541,1373.180,13.164,112,313
s42,rx,12,comm,21,6,4,697,616.8202,1778.161,12.574,93,368
s42,rx,14,comm,25,12,1,704,678.3359,1452.231,18.774,59,145
s42,rx,12,nocomm,20,9,1,706,723.6421,1298.495,20.113,0,7
s42,rx,8,nocomm,14,12,4,709,695.6719,1560.551,20.607,54,119
s42,rx,14,nocomm,24,14,4,712,475.3574,1463.872,15.926,182,370
s42,rx,12,nocomm,23,4,4,713,684.5148,1678.662,12.611,87,216
s42,rx,4,comm,4,5,1,716,646.3068,1499.559,14.680,65,196
s42,rx,12,nocomm,20,0,4,716,676.5564,1690.289,19.875,123,316
s42,rx,14,nocomm,24,10,1,716,706.1407,1930.233,20.237,67,142
s42,rx,6,nocomm,11,11,4,723,728.4741,1607.609,16.013,42,94
s42,rx,12,comm,22,6,1,725,677.0086,1409.039,25.382,90,190
s42,rx,2,comm,2,11,1,726,704.8329,1660.426,18.102,46,205
s42,rx,2,comm,3,3,1,730,560.6626,1812.541,14.743,142,290
s42,rx,2,comm,1,15,1,731,684.4727,1756.297,19.968,98,241
s42,rx,12,comm,22,2,1,734,731.2839,1440.581,16.452,59,138
s42,rx,6,comm,9,1,4,736,727.0532,1463.336,11.939,42,161
s42,rx,2,nocomm,2,8,4,738,641.7660,1647.495,13.736,176,343
s42,rx,4,comm,6,6,4,739,643.0326,1510.241,18.196,129,230
s42,rx,2,comm,0,15,4,742,716.2703,1272.807,23.072,75,143
s42,rx,12,nocomm,20,7,1,742,663.4905,1709.129,16.251,110,211
s42,rx,10,nocomm,19,3,1,744,718.8273,1586.263,19.149,50,152
s42,rx,8,comm,15,5,4,747,755.2471,1689.728,16.842,59,119
s42,rx,10,nocomm,19,2,1,601,567.1240,1049.755,17.814,27,70
s42,rx,8,comm,14,5,4,749,737.1183,1770.514,17.786,100,178
s42,rx,10,comm,16,9,4,749,706.8973,1321.873,17.876,45,138
s42,rx,14,comm,27,12,4,751,684.1066,1530.681,18.267,83,226
s42,rx,14,nocomm,27,6,4,755,700.4017,1660.825,18.770,133,254
s42,rx,6,comm,11,14,1,761,723.0480,2081.498,15.927,101,240
s42,rx,6,nocomm,8,11,4,762,466.4579,1982.712,12.546,294,446
s42,rx,6,comm,8,6,1,765,687.5408,2158.311,15.009,144,414
s42,rx,14,nocomm,25,15,1,765,771.2225,1652.744,18.652,22,90
s42,rx,4,nocomm,4,0,1,769,755.3224,1549.810,16.619,45,114
s42,rx,14,nocomm,25,5,4,770,756.2613,1719.433,13.979,81,168
s42,rx,4,comm,5,3,4,772,755.2798,1794.531,15.306,109,227
s42,rx,2,comm,0,6,1,776,723.4362,1669.385,15.424,104,274
s42,rx,6,comm,9,6,1,779,781.3436,1714.849,16.802,48,130
s42,rx,4,comm,4,6,4,787,788.2976,1674.612,19.116,57,112
s42,rx,10,comm,18,1,4,790,688.6490,1616.112,16.358,128,240
s42,rx,2,comm,3,12,1,791,786.1635,1787.740,15.551,74,114
s42,rx,6,comm,10,4,4,801,796.0869,1546.469,25.860,38,125
s42,rx,8,nocomm,13,4,1,743,612.0731,1612.656,16.726,138,235
s42,rx,2,comm,0,14,4,810,796.5813,1630.316,18.645,55,220
s42,rx,10,comm,16,15,4,812,812.7197,1803.181,17.603,50,133
s42,rx,6,comm,9,10,1,794,673.0620,1861.789,16.412,134,254
s42,rx,2,comm,3,6,4,824,817.6507,1899.198,19.145,62,132
s42,rx,12,nocomm,21,3,1,833,832.1599,1755.229,30.727,43,148
s42,rx,8,nocomm,12,6,1,834,839.9207,1485.026,40.413,34,68
s42,rx,10,comm,16,12,4,835,827.3834,1918.063,14.785,69,141
s42,rx,4,comm,5,15,4,837,779.5474,2157.029,18.948,111,159
s42,rx,4,nocomm,6,0,1,841,801.8669,1779.143,22.924,62,194
s42,rx,4,nocomm,4,4,1,843,778.8422,2627.860,17.787,85,245
s42,rx,6,nocomm,8,3,1,848,860.3248,1513.911,21.096,33,63
s42,rx,12,nocomm,20,4,1,851,789.8768,2060.938,8.251,125,364
s42,rx,10,comm,18,15,4,853,825.3199,1647.596,17.165,54,154
s42,rx,12,nocomm,22,3,4,854,863.7719,2257.616,16.641,63,92
s42,rx,12,comm,23,10,4,854,793.0106,2370.820,16.426,146,255
s42,rx,12,nocomm,21,13,1,858,758.5281,2088.394,31.553,75,193
s42,rx,10,nocomm,17,3,4,860,790.4410,2171.732,13.376,166,296
s42,rx,8,comm,13,3,1,862,841.5749,1559.825,26.660,53,186
s42,rx,4,comm,6,2,1,865,823.6319,2424.323,12.969,142,314
s42,rx,6,nocomm,10,0,4,867,880.5823,2263.704,17.565,27,52
s42,rx,4,comm,4,9,1,878,863.0591,2240.687,17.981,91,192
s42,rx,8,nocomm,14,14,1,894,879.4965,1665.506,26.364,67,166
s42,rx,12,nocomm,22,13,4,916,930.0131,1963.540,16.452,44,93
s42,rx,4,comm,4,10,1,919,925.8500,1857.092,21.094,63,131
s42,rx,12,nocomm,23,11,1,921,906.3302,2224.123,16.302,62,161
s42,rx,6,comm,8,15,1,922,918.5696,1867.584,23.271,31,144
s42,rx,8,comm,12,5,1,922,870.5291,2050.044,16.218,148,328
s42,rx,14,nocomm,25,14,4,927,916.0584,1865.196,18.828,57,226
s42,rx,14,nocomm,26,13,1,923,844.7631,2245.538,30.632,73,161
s42,rx,2,comm,3,9,1,933,908.3955,1836.264,14.743,110,277
s42,rx,12,nocomm,20,15,4,933,902.7066,2363.561,13.478,58,139
s42,rx,14,comm,27,4,1,938,886.4139,2412.939,16.111,107,247
s42,rx,12,comm,20,10,4,948,846.4019,2017.041,14.943,126,237
s42,rx,4,comm,6,3,1,950,692.4406,2188.383,15.839,222,392
s42,rx,4,comm,7,13,4,950,879.3626,2229.817,14.290,169,398
s42,rx,4,comm,4,2,1,951,931.8487,1986.892,17.537,81,177
s42,rx,8,comm,14,7,4,952,855.5568,1920.376,17.022,133,364
s42,rx,4,comm,7,5,4,971,948.5690,2093.877,16.860,75,255
s42,rx,14,nocomm,26,0,1,975,956.6445,2770.010,16.392,95,242
s42,rx,2,comm,1,4,4,982,911.3514,2285.211,26.690,152,428
s42,rx,6,nocomm,11,3,1,985,934.8209,2568.907,14.391,119,175
s42,rx,2,nocomm,0,8,1,987,980.6649,1895.384,27.867,58,95
s42,rx,4,nocomm,4,8,4,988,887.1864,2332.270,14.680,138,317
s42,rx,4,nocomm,6,4,1,988,911.6747,2162.426,14.428,137,425
s42,rx,8,nocomm,15,10,1,988,924.9542,2004.791,17.132,107,314
s42,rx,10,nocomm,17,14,1,988,965.9797,1881.237,13.777,80,149
s42,rx,2,comm,2,2,1,989,966.7591,1838.675,19.056,60,163
s42,rx,6,comm,9,2,1,989,987.2694,2061.994,17.295,58,128
s42,rx,2,comm,0,5,4,993,1006.3789,2154.008,16.444,36,110
s42,rx,8,nocomm,12,2,4,1004,920.4719,1809.544,16.886,105,165
s42,rx,4,comm,7,3,1,1006,958.7815,2245.449,14.290,104,223
s42,rx,10,nocomm,18,2,1,727,649.7017,1471.772,28.190,43,98
s42,rx,14,nocomm,26,10,4,1029,968.7708,2389.591,18.701,107,224
s42,rx,10,nocomm,19,5,1,1033,1016.3377,2436.775,17.814,111,206
s42,rx,4,comm,6,15,4,1035,1064.1443,2578.846,17.470,12,40
s42,rx,6,nocomm,9,0,4,1035,1038.3749,2560.913,15.950,31,82
s42,rx,8,nocomm,13,2,1,1038,1024.0714,2166.325,18.633,54,210
s42,rx,6,comm,8,2,1,1040,890.4583,2365.559,18.413,188,459
s42,rx,10,comm,17,7,1,1024,956.7962,2174.479,20.407,84,298
s42,rx,12,nocomm,22,0,1,1044,1054.7179,2132.593,17.896,76,132
s42,rx,12,nocomm,21,12,4,1052,1000.7802,2938.736,12.574,181,281
s42,rx,6,comm,11,12,1,1062,1041.9264,2941.134,15.500,168,348
s42,rx,10,comm,17,15,1,1063,985.4963,2754.282,13.376,174,398
s42,rx,6,comm,8,14,4,1074,1016.1269,2581.424,12.039,127,341
s42,rx,8,nocomm,14,8,1,1053,1024.3607,2099.679,17.485,66,185
s42,rx,6,nocomm,8,13,4,1081,882.9698,2415.860,17.335,222,400
s42,rx,10,comm,19,9,4,1092,990.3728,2133.664,19.661,112,238
s43,rx,4,nocomm,4,12,4,2,1.6758,13.307,34.394,0,0
s43,rx,14,nocomm,26,13,4,4,2.6077,13.943,34.905,3,4
s43,rx,12,nocomm,23,15,4,9,5.1042,51.626,26.408,3,4
s43,rx,10,comm,17,7,4,16,16.6693,44.454,63.537,0,0
s43,rx,6,comm,9,10,4,24,18.2659,57.861,35.193,12,24
s43,rx,8,nocomm,14,8,4,24,24.7653,78.440,22.127,0,7
s43,rx,12,nocomm,22,5,4,29,15.8533,67.489,44.904,1,8
s43,rx,14,nocomm,27,2,4,31,25.1285,95.290,37.219,12,17
s43,rx,2,comm,1,2,4,32,14.9261,87.799,32.415,10,31
s43,rx,12,nocomm,21,11,4,36,22.3678,94.215,29.688,13,28
s43,rx,4,comm,5,1,3,41,41.9060,73.786,39.419,0,0
s43,rx,6,nocomm,10,8,4,44,34.8059,99.504,39.081,16,30
s43,rx,6,comm,11,10,4,45,44.2191,129.704,46.633,6,13
s43,rx,8,nocomm,13,4,4,60,58.7313,128.624,55.750,4,8
s43,rx,12,comm,23,2,4,65,61.9011,221.730,40.265,13,29
s43,rx,12,comm,20,6,4,69,65.6051,171.651,39.725,12,19
s43,rx,10,comm,18,4,3,87,56.0106,119.263,16.543,29,57
s43,rx,2,nocomm,1,8,4,93,94.3344,211.518,34.902,2,6
s43,rx,6,comm,11,6,4,93,92.5789,258.213,48.796,3,15
s43,rx,4,nocomm,7,0,4,96,88.4555,263.458,36.628,25,44
s43,rx,4,comm,4,7,4,101,87.8435,253.439,31.360,22,40
s43,rx,14,nocomm,26,11,4,104,73.5081,260.350,21.759,30,76
s43,rx,10,nocomm,18,8,2,108,73.8189,355.897,9.206,39,103
s43,rx,10,nocomm,18,14,2,108,66.1267,268.899,9.206,34,77
s43,rx,14,nocomm,25,2,4,114,70.9915,334.215,21.141,31,66
s43,rx,12,nocomm,21,0,4,127,100.8346,368.561,19.335,37,68
s43,rx,6,nocomm,11,8,4,132,92.1304,464.504,18.897,38,97
s43,rx,8,comm,12,9,4,136,120.4886,344.065,36.461,42,74
s43,rx,10,nocomm,19,2,4,146,123.5289,348.867,20.567,26,67
s43,rx,14,nocomm,26,2,2,147,105.9602,312.147,8.171,39,97
s43,rx,14,nocomm,26,5,2,147,111.3813,405.479,8.171,67,100
s43,rx,2,comm,0,12,4,149,136.5596,465.625,18.977,53,86
s43,rx,12,nocomm,23,13,4,165,132.3540,284.523,34.831,28,54
s43,rx,14,nocomm,25,13,4,166,132.9263,457.634,27.056,23,79
s43,rx,2,comm,0,10,4,189,164.5086,368.859,32.648,53,91
s43,rx,10,comm,16,4,4,193,155.9209,519.122,24.545,67,106
s43,rx,8,comm,15,3,2,200,168.6922,556.074,10.169,85,150
s43,rx,8,nocomm,15,12,2,200,132.5197,478.096,9.347,67,132
s43,rx,14,nocomm,27,15,4,202,190.6724,545.661,23.190,33,68
s43,rx,12,comm,20,10,2,215,133.6932,586.009,6.780,83,131
s43,rx,12,nocomm,20,11,2,215,173.4329,444.115,6.780,45,111
s43,rx,10,nocomm,19,8,4,217,152.1978,457.467,11.840,57,138
s43,rx,8,comm,13,9,4,228,211.8913,421.476,31.181,15,46
s43,rx,4,nocomm,7,8,2,232,188.3406,596.858,13.144,60,136
s43,rx,4,comm,7,14,2,232,194.1577,472.659,13.144,33,103
s43,rx,14,comm,24,4,2,233,177.8861,868.325,8.263,74,160
s43,rx,14,nocomm,24,6,2,233,172.7686,451.924,8.263,71,136
s43,rx,2,comm,2,9,4,239,226.7683,682.455,20.696,11,60
s43,rx,8,comm,14,13,4,241,195.0813,773.116,20.376,80,144
s43,rx,6,nocomm,10,3,4,245,234.7053,677.127,17.803,30,74
s43,rx,12,nocomm,23,3,4,245,193.7200,594.813,12.291,66,142
s43,rx,4,comm,7,6,4,259,252.8209,782.141,20.570,26,71
s43,rx,6,nocomm,9,13,4,262,183.6385,566.811,16.479,54,182
s43,rx,12,comm,20,14,4,275,188.7466,651.320,20.585,102,205
s43,rx,8,comm,13,7,4,278,235.8522,917.910,12.351,82,150
s43,rx,4,comm,5,7,4,280,271.8825,826.302,16.487,26,60
s43,rx,2,comm,2,11,3,284,270.0786,770.952,13.836,53,87
s43,rx,8,comm,13,1,4,293,277.0541,714.658,42.006,33,46
s43,rx,10,nocomm,18,2,4,294,266.9264,1030.719,19.159,61,138
s43,rx,12,comm,23,14,4,305,296.3327,841.519,17.840,36,112
s43,rx,6,comm,8,1,2,318,271.0507,613.682,8.317,50,136
s43,rx,6,comm,8,14,2,318,226.9345,757.838,8.317,120,235
s43,rx,8,comm,14,15,4,327,284.5573,824.132,20.951,90,181
s43,rx,2,comm,2,7,2,328,288.8843,1045.637,15.160,86,144
s43,rx,2,comm,2,10,2,328,223.6584,672.281,11.544,111,247
s43,rx,14,nocomm,24,1,4,335,280.2095,832.011,13.070,65,163
s43,rx,12,nocomm,20,0,2,337,254.7991,689.431,14.083,113,216
s43,rx,12,comm,20,6,2,268,194.1407,535.858,14.083,68,138
s43,rx,12,nocomm,23,8,4,343,260.2256,677.304,22.091,52,136
s43,rx,14,nocomm,24,7,4,348,310.3278,1048.628,9.389,102,197
s43,rx,10,comm,19,12,4,349,342.9016,876.515,36.933,20,40
s43,rx,6,comm,10,12,4,352,296.2591,824.527,16.876,77,177
s43,rx,8,nocomm,13,10,4,358,296.1943,932.756,9.236,80,154
s43,rx,14,nocomm,27,1,4,361,341.9128,810.006,27.757,34,72
s43,rx,8,nocomm,15,4,4,364,351.2775,809.463,11.614,22,59
s43,rx,6,comm,8,12,4,370,304.4962,809.775,13.621,66,181
s43,rx,14,nocomm,24,2,4,375,369.4427,1089.648,16.980,8,59
s43,rx,10,comm,19,15,4,381,354.5809,957.799,20.134,51,80
s43,rx,14,nocomm,27,3,3,384,358.5397,1147.533,13.056,44,129
s43,rx,12,nocomm,23,9,1,391,371.5860,1005.998,29.690,47,90
s43,rx,2,comm,0,11,4,395,351.3598,1048.711,26.973,89,177
s43,rx,10,nocomm,17,11,4,400,345.3284,1250.614,17.713,136,266
s43,rx,8,nocomm,15,8,1,407,408.2882,994.795,14.884,7,21
s43,rx,14,nocomm,27,14,4,407,332.7625,1084.270,15.752,115,264
s43,rx,4,comm,5,6,4,417,367.6488,1090.388,9.587,71,161
s43,rx,2,comm,2,3,4,427,383.1766,1088.428,11.544,55,116
s43,rx,6,nocomm,9,3,4,428,356.7415,1368.669,14.431,103,226
s43,rx,8,nocomm,13,14,4,430,433.3343,1147.669,13.549,21,63
s43,rx,2,comm,1,7,4,437,359.0367,825.231,21.053,96,214
s43,rx,2,comm,1,12,4,438,369.7398,1317.767,8.967,74,155
s43,rx,12,nocomm,22,4,4,439,386.1549,1410.157,19.637,102,206
s43,rx,6,comm,10,10,4,452,406.1496,1244.519,9.876,53,107
s43,rx,2,comm,1,5,4,456,459.7635,951.420,28.005,13,17
s43,rx,6,comm,9,14,4,464,422.6738,1208.249,17.490,67,158
s43,rx,14,nocomm,27,8,4,464,351.3449,1419.259,13.056,112,215
s43,rx,6,comm,11,9,1,465,459.4207,1308.458,10.481,31,56
s43,rx,2,comm,3,2,4,473,397.1862,1058.854,15.352,103,219
s43,rx,10,nocomm,16,13,4,473,350.5439,1231.159,20.547,95,206
s43,rx,10,nocomm,16,10,1,476,462.6603,1022.927,18.295,45,71
s43,rx,8,nocomm,14,12,1,491,458.7882,1273.505,21.270,60,126
s43,rx,10,nocomm,16,6,4,491,438.3553,1232.867,17.669,59,158
s43,rx,4,nocomm,5,4,4,498,485.6396,1249.377,20.070,45,92
s43,rx,8,comm,15,1,4,502,426.4115,1167.249,16.273,89,181
s43,rx,4,nocomm,4,4,1,506,453.9430,1539.878,13.311,98,174
s43,rx,14,nocomm,26,8,4,513,444.5591,1557.985,17.918,78,266
s43,rx,8,comm,12,11,1,527,516.8894,1680.234,20.599,61,101
s43,rx,6,comm,10,7,4,528,494.9402,1269.338,12.623,36,61
s43,rx,10,nocomm,17,2,3,528,494.1696,1424.991,18.712,42,111
s43,rx,10,nocomm,17,2,2,1,0.3074,0.000,6.536,0,0
s43,rx,10,comm,17,9,4,529,466.1014,1337.689,14.960,108,206
s43,rx,10,nocomm,17,10,2,529,425.2294,1105.053,6.536,91,247
s43,rx,10,nocomm,18,10,4,539,515.9602,1470.187,17.347,46,150
s43,rx,10,nocomm,16,0,1,540,548.7651,1798.326,18.331,5,35
s43,rx,14,nocomm,27,7,4,552,511.5839,1478.158,20.632,116,253
s43,rx,10,nocomm,17,0,1,557,517.3856,1310.494,14.724,56,137
s43,rx,10,comm,19,1,1,567,551.0020,1411.741,23.017,53,117
s43,rx,8,comm,12,15,4,569,546.5526,1464.978,16.605,42,168
s43,rx,6,comm,9,12,4,572,513.1095,1709.022,16.479,137,288
s43,rx,10,nocomm,18,0,2,578,457.0627,1616.326,12.979,189,386
s43,rx,10,nocomm,18,8,2,470,368.0928,1220.009,12.579,97,194
s43,rx,4,comm,7,1,1,591,478.6873,1718.910,7.998,111,265
s43,rx,8,comm,14,1,1,600,552.4727,1534.062,17.436,77,150
s43,rx,12,nocomm,23,0,1,601,522.9909,1753.153,17.832,143,265
s43,rx,12,nocomm,22,12,4,602,542.5557,1510.689,20.055,86,210
s43,rx,12,nocomm,20,4,1,608,549.3961,1662.109,14.779,95,210
s43,rx,6,comm,10,15,1,612,558.6016,1548.128,23.575,60,173
s43,rx,12,nocomm,20,1,2,619,550.0398,1358.215,12.105,98,241
s43,rx,12,nocomm,20,9,2,619,560.8806,1852.135,12.105,164,319
s43,rx,4,comm,6,3,1,620,573.7653,1885.319,16.081,96,185
s43,rx,2,comm,2,1,4,622,586.0830,1511.320,13.164,57,148
s43,rx,6,nocomm,11,5,4,623,608.7708,1574.309,30.824,42,85
s43,rx,14,nocomm,27,9,1,627,610.8339,1729.035,20.632,57,124
s43,rx,8,nocomm,12,0,1,629,552.9121,1676.713,13.532,84,221
s43,rx,8,comm,12,13,1,636,523.4080,1604.650,17.617,133,267
s43,rx,12,nocomm,21,1,4,647,493.5757,1702.832,14.386,153,358
s43,rx,12,nocomm,21,15,4,649,601.6312,1893.135,17.674,61,176
s43,rx,14,nocomm,24,5,4,649,444.9011,1724.052,14.375,121,302
s43,rx,8,comm,13,15,1,654,599.6906,1632.017,10.662,44,126
s43,rx,14,nocomm,25,0,4,657,572.8076,1615.170,8.957,77,219
s43,rx,14,nocomm,26,14,4,658,575.0519,1602.879,17.918,91,246
s43,rx,12,nocomm,20,1,2,40,14.9820,51.512,11.086,18,28
s43,rx,12,nocomm,20,12,2,659,598.9112,1740.645,11.086,85,174
s43,rx,2,comm,2,13,4,666,642.6611,1849.995,20.324,75,209
s43,rx,6,comm,9,4,4,668,630.7154,1758.447,14.431,42,148
s43,rx,6,comm,10,2,4,686,660.1745,1612.695,12.274,72,140
s43,rx,8,nocomm,14,6,4,691,643.8467,2021.992,18.289,120,318
s43,rx,6,nocomm,10,5,4,694,602.6888,2184.176,14.797,137,370
s43,rx,12,comm,21,6,4,697,618.8472,1929.251,15.438,129,331
s43,rx,14,comm,25,12,1,701,669.4319,1779.192,13.222,80,154
s43,rx,14,nocomm,24,14,4,712,586.1249,2006.010,13.167,129,341
s43,rx,12,nocomm,23,4,4,713,607.3997,1750.668,24.474,133,309
s43,rx,14,nocomm,26,0,1,715,677.6458,1837.845,15.503,64,163
s43,rx,2,comm,1,10,4,718,670.2484,1894.766,23.177,81,181
s43,rx,6,nocomm,11,11,4,723,697.5591,1800.315,5.969,97,200
s43,rx,6,comm,9,1,4,736,690.9192,1568.362,24.382,87,167
s43,rx,2,nocomm,2,8,4,738,635.4980,1827.635,12.517,113,308
s43,rx,4,comm,6,6,4,739,565.4454,1863.660,15.165,183,431
s43,rx,2,comm,0,15,4,742,718.3184,1708.386,14.786,68,146
s43,rx,2,comm,3,3,1,747,665.2541,1796.104,7.510,123,226
s43,rx,8,comm,15,5,4,747,704.6257,1907.602,16.037,98,225
s43,rx,8,comm,14,5,4,749,704.6107,1715.747,20.376,66,206
s43,rx,10,comm,16,9,4,749,712.8872,1688.470,18.053,81,172
s43,rx,14,comm,27,12,4,751,672.5659,1716.112,22.138,107,231
s43,rx,14,nocomm,27,6,4,755,647.4092,1794.584,24.575,136,356
s43,rx,6,nocomm,8,11,4,762,718.3205,1968.116,14.253,66,147
s43,rx,14,nocomm,24,10,1,768,697.0866,1839.828,13.167,86,160
s43,rx,14,nocomm,25,5,4,770,681.9639,2199.218,13.166,112,253
s43,rx,4,comm,5,3,4,772,794.0589,1980.990,15.968,11,95
s43,rx,2,comm,2,6,4,787,693.5814,1796.831,16.682,104,211
s43,rx,4,comm,4,6,4,787,681.7810,1725.914,20.779,117,308
s43,rx,10,comm,18,1,4,790,770.8586,1555.009,20.111,32,84
s43,rx,10,nocomm,16,5,1,791,665.8292,1322.572,18.202,82,199
s43,rx,6,comm,11,2,1,796,767.8073,1738.274,20.942,51,131
s43,rx,6,comm,10,4,4,801,745.4731,2156.400,19.421,110,247
s43,rx,2,comm,0,14,4,810,731.1414,1956.124,19.739,172,344
s43,rx,10,comm,16,15,4,812,719.7188,1801.472,27.046,95,237
s43,rx,14,nocomm,25,6,1,819,679.2184,2422.856,7.809,156,369
s43,rx,14,nocomm,24,11,1,821,771.3528,2149.273,16.849,71,202
s43,rx,2,comm,3,6,4,824,696.2349,1844.910,18.434,213,417
s43,rx,6,nocomm,9,8,1,824,800.7706,2725.459,17.673,62,140
s43,rx,12,nocomm,22,1,1,829,791.3442,2223.552,23.163,119,258
s43,rx,12,nocomm,20,7,1,831,801.0525,2430.249,9.542,84,194
s43,rx,4,comm,5,15,1,835,740.9503,2224.856,14.019,127,241
s43,rx,10,comm,16,12,4,835,762.8837,2042.948,13.791,91,254
s43,rx,8,nocomm,13,8,1,843,766.4108,2086.068,24.791,99,192
s43,rx,10,comm,18,15,4,853,810.1642,1802.455,12.579,69,175
s43,rx,12,nocomm,22,3,4,854,824.6259,2104.221,27.260,64,167
s43,rx,12,comm,23,10,4,854,755.6299,2030.856,12.291,139,279
s43,rx,10,nocomm,17,3,4,860,797.9384,2013.640,15.574,101,223
s43,rx,6,nocomm,10,0,4,867,865.6952,2261.898,25.739,35,72
s43,rx,8,nocomm,15,0,1,868,733.5464,2393.112,17.789,183,437
s43,rx,14,comm,27,4,1,886,822.7275,2351.708,13.856,90,202
s43,rx,6,comm,8,15,1,888,828.1307,2668.331,16.816,142,310
s43,rx,4,nocomm,4,0,1,889,833.8203,2047.552,6.808,113,256
s43,rx,2,comm,3,12,1,913,836.1921,2639.705,17.168,134,342
s43,rx,12,nocomm,22,13,4,916,897.7404,2067.132,16.947,52,98
s43,rx,14,nocomm,25,14,4,927,891.5515,2271.620,16.912,59,206
s43,rx,12,nocomm,20,15,4,933,899.5053,2464.819,18.937,45,140
s43,rx,8,nocomm,15,14,1,934,825.6927,2379.728,11.614,122,311
s43,rx,6,nocomm,8,3,4,938,839.4785,1892.081,27.908,76,188
s43,rx,4,comm,7,13,4,950,921.4065,2223.377,9.018,69,152
s43,rx,6,comm,8,10,1,951,897.9247,2353.831,10.424,93,230
s43,rx,8,comm,14,7,4,952,800.0461,1888.760,13.363,107,321
s43,rx,10,nocomm,19,10,4,958,889.8048,2427.364,11.840,138,254
s43,rx,4,comm,5,14,1,968,906.9614,2225.651,14.734,142,275
s43,rx,4,nocomm,5,12,2,969,831.9456,2464.708,6.116,165,358
s43,rx,4,comm,5,14,2,1,0.0941,0.000,6.116,0,0
s43,rx,2,nocomm,0,0,1,970,862.2165,2638.118,15.259,212,417
s43,rx,4,comm,7,5,4,971,915.0981,2014.479,7.998,84,230
s43,rx,6,nocomm,10,11,4,981,782.7243,2546.833,12.623,251,652
s43,rx,2,comm,1,4,4,982,920.4305,2074.970,21.053,123,234
s43,rx,6,comm,9,2,1,986,925.9229,2577.858,11.285,123,269
s43,rx,4,nocomm,4,8,4,988,917.9216,2440.147,21.022,48,131
s43,rx,12,comm,22,6,4,991,964.2215,2798.833,22.084,69,167
s43,rx,4,comm,6,10,1,992,905.4011,2147.711,17.932,126,310
s43,rx,2,comm,0,5,4,993,887.3706,2484.086,14.786,151,358
s43,rx,2,comm,0,6,1,1000,833.9446,2349.911,10.913,223,531
s43,rx,8,nocomm,12,2,4,1004,895.3814,2331.826,14.496,88,239
s43,rx,14,nocomm,26,13,1,1001,970.1154,2671.082,20.622,82,202
s43,rx,6,comm,9,6,1,1006,923.9747,2556.555,17.286,115,306
s43,rx,14,nocomm,26,7,1,1010,1001.3143,1944.586,25.563,47,93
s43,rx,4,comm,4,9,4,1020,932.2716,2376.944,13.311,106,272
s43,rx,6,comm,10,12,1,671,639.6463,1530.581,15.639,40,76
s43,rx,10,nocomm,18,5,3,1026,879.8606,2684.411,12.979,171,400
s43,rx,4,comm,6,13,1,1027,930.0186,2301.544,19.230,87,220
s43,rx,14,nocomm,26,10,4,1029,922.1119,2954.219,17.542,109,365
s43,rx,6,comm,11,14,1,1033,969.4537,2903.161,21.203,105,224
s43,rx,8,nocomm,14,14,1,1034,915.4472,2444.651,19.526,167,394
s43,rx,4,comm,6,15,4,1035,975.5093,2882.599,19.978,112,281
s43,rx,6,nocomm,9,0,4,1035,962.8441,3055.997,15.000,96,232
s43,rx,2,comm,1,1,1,1036,979.8378,2620.860,12.708,133,307
s43,rx,12,nocomm,21,12,4,1052,987.1224,2380.434,16.801,107,219
s43,rx,12,nocomm,23,11,1,1056,975.0940,2631.437,13.757,143,358
s43,rx,8,comm,14,13,1,821,753.8853,2306.224,18.289,79,175
s43,rx,6,comm,10,2,2,385,295.3652,760.141,8.921,73,144
s43,rx,6,nocomm,10,3,2,826,752.4109,2090.931,8.921,113,233
s43,rx,10,comm,18,4,1,984,860.9324,2423.683,18.830,118,267
s43,rx,6,nocomm,8,13,4,1081,982.1876,2266.189,10.590,93,238
s43,rx,8,comm,12,5,1,1089,1047.4915,2567.744,23.189,109,235
s43,rx,8,nocomm,13,12,1,1091,1081.0331,3250.960,33.359,42,84
s43,rx,10,comm,19,9,4,1092,1049.7750,2679.865,21.791,89,214
s43,rx,12,comm,22,2,1,1099,1010.2654,2511.198,27.984,125,286
s46,rx,4,nocomm,4,12,4,2,1.7580,84.679,39.549,1,2
s46,rx,14,nocomm,26,13,4,4,3.8385,39.703,29.594,0,1
s46,rx,12,nocomm,23,15,4,9,9.3867,84.273,69.418,0,0
s46,rx,10,comm,17,7,4,16,15.0062,30.638,65.527,0,0
s46,rx,6,comm,9,10,4,24,24.4917,108.058,85.041,0,0
s46,rx,8,nocomm,14,8,4,24,24.6614,89.709,58.068,0,0
s46,rx,12,nocomm,22,5,4,29,28.6746,50.091,58.413,0,0
s46,rx,14,nocomm,27,2,4,31,31.2552,55.234,38.731,0,0
s46,rx,2,comm,1,2,4,32,22.8197,147.760,20.935,11,24
s46,rx,12,nocomm,21,11,4,36,36.1964,116.121,23.106,0,0
s46,rx,6,nocomm,10,8,4,44,35.1133,235.811,26.595,14,29
s46,rx,6,comm,11,10,4,45,46.4516,66.546,79.484,0,0
s46,rx,8,nocomm,13,4,4,60,56.9420,91.013,40.922,15,16
s46,rx,12,comm,23,2,4,65,52.0664,214.578,34.728,19,44
s46,rx,12,comm,20,6,4,69,66.8221,202.188,25.149,1,18
s46,rx,2,nocomm,1,8,4,93,95.2857,268.127,30.607,0,0
s46,rx,6,comm,11,6,4,93,95.3686,253.769,61.920,0,0
s46,rx,4,nocomm,7,0,4,96,86.6366,287.877,14.377,17,43
s46,rx,4,comm,4,7,4,101,79.2042,273.072,28.598,29,58
s46,rx,10,nocomm,19,10,3,102,91.7632,264.508,16.359,25,34
s46,rx,14,nocomm,26,11,4,104,86.7073,247.547,33.711,6,22
s46,rx,14,nocomm,25,2,4,114,102.0592,263.968,46.636,9,13
s46,rx,12,nocomm,21,0,4,127,110.1795,435.826,24.945,45,74
s46,rx,6,nocomm,11,8,4,132,109.0324,303.557,16.257,65,126
s46,rx,8,comm,12,9,4,136,135.2777,274.350,44.881,10,20
s46,rx,10,nocomm,19,2,4,146,130.6406,324.712,22.717,27,44
s46,rx,2,comm,0,12,4,149,145.7081,288.711,27.966,12,33
s46,rx,4,comm,7,3,2,156,139.4298,438.392,14.383,37,77
s46,rx,4,comm,7,6,2,156,134.8425,423.742,14.383,40,68
s46,rx,12,nocomm,23,13,4,165,159.9447,347.242,30.584,12,40
s46,rx,14,nocomm,25,13,4,166,167.7104,356.230,17.318,9,20
s46,rx,4,comm,5,1,4,185,175.9455,426.602,33.019,14,37
s46,rx,2,comm,0,10,4,189,171.1457,491.555,25.820,56,83
s46,rx,10,comm,16,4,4,193,170.0917,778.190,16.190,32,60
s46,rx,14,nocomm,27,15,4,202,195.3431,425.356,22.824,20,59
s46,rx,10,nocomm,19,8,4,217,173.4127,776.397,9.863,75,141
s46,rx,8,comm,13,9,4,228,216.4231,637.076,30.109,32,53
s46,rx,8,comm,15,1,2,230,157.8318,679.528,7.705,87,169
s46,rx,8,nocomm,15,6,2,230,196.9961,645.784,7.705,79,155
s46,rx,2,comm,2,9,4,239,240.7956,454.763,40.387,0,0
s46,rx,8,comm,14,13,4,241,183.0391,491.610,25.824,58,94
s46,rx,6,nocomm,10,3,4,245,205.7283,791.087,15.530,71,114
s46,rx,12,nocomm,23,3,4,245,239.8649,487.721,14.687,19,57
s46,rx,6,nocomm,9,13,4,262,215.4175,646.590,19.129,64,131
s46,rx,12,comm,20,14,4,275,231.8757,784.471,18.960,47,94
s46,rx,8,comm,13,7,4,278,257.4655,746.500,11.922,37,71
s46,rx,4,comm,5,7,4,280,251.9906,663.887,13.278,70,143
s46,rx,6,comm,9,15,3,292,236.7930,931.677,19.041,74,129
s46,rx,8,comm,12,1,2,293,261.5110,755.955,9.430,49,120
s46,rx,8,comm,12,5,2,293,280.6636,787.361,9.430,40,71
s46,rx,8,comm,13,1,4,293,258.7151,601.909,31.592,23,40
s46,rx,10,nocomm,18,2,4,294,242.9196,969.775,10.990,97,166
s46,rx,12,comm,23,14,4,305,284.5573,978.658,22.371,54,132
s46,rx,8,comm,14,15,4,327,291.4493,1029.534,17.698,58,116
s46,rx,2,nocomm,2,8,2,329,318.5319,991.721,9.461,39,69
s46,rx,2,comm,2,10,2,329,294.1082,1014.132,9.461,62,148
s46,rx,6,comm,8,1,4,331,324.1928,805.460,18.938,38,48
s46,rx,14,nocomm,24,1,4,335,294.9926,901.504,15.553,67,138
s46,rx,12,nocomm,23,8,4,343,324.3021,688.730,32.712,18,36
s46,rx,14,nocomm,24,7,4,348,328.1319,768.979,13.596,35,89
s46,rx,10,comm,19,12,4,349,342.4193,840.296,16.546,31,67
s46,rx,6,comm,10,12,4,352,306.1349,645.716,26.324,70,137
s46,rx,8,nocomm,13,10,4,358,288.3544,1240.097,13.730,104,187
s46,rx,14,nocomm,27,1,4,361,334.8050,750.702,13.088,48,116
s46,rx,8,nocomm,15,4,4,364,361.7213,667.239,42.394,18,31
s46,rx,6,comm,8,12,4,370,319.5102,1020.349,10.974,95,184
s46,rx,14,nocomm,24,2,4,375,331.5483,1016.347,14.264,66,137
s46,rx,10,comm,19,15,4,381,348.9105,983.647,22.364,32,76
s46,rx,8,nocomm,15,14,1,391,372.3974,1001.274,20.993,37,111
s46,rx,2,comm,0,11,4,395,312.0764,1077.241,12.829,102,241
s46,rx,4,comm,5,15,1,396,340.8654,1123.060,18.181,71,162
s46,rx,10,nocomm,17,11,4,400,384.2573,1093.311,16.204,41,139
s46,rx,10,nocomm,16,0,1,401,389.2317,935.951,21.158,22,48
s46,rx,14,nocomm,26,5,4,402,382.6927,748.250,14.632,39,75
s46,rx,2,comm,1,5,1,404,395.5929,846.485,18.707,19,48
s46,rx,14,nocomm,27,14,4,407,375.3640,979.321,21.884,91,198
s46,rx,14,nocomm,24,6,4,409,378.9791,1053.983,13.596,72,128
s46,rx,6,nocomm,9,8,1,412,396.7249,987.112,17.672,40,73
s46,rx,4,comm,5,6,4,417,386.4798,1224.903,24.976,63,157
s46,rx,10,nocomm,16,13,1,417,360.5951,929.216,16.113,43,96
s46,rx,12,nocomm,23,0,1,417,394.9586,897.373,16.514,45,88
s46,rx,2,comm,2,3,4,427,385.4913,1165.781,18.553,55,134
s46,rx,6,nocomm,9,3,4,428,409.6784,927.615,16.672,43,108
s46,rx,8,nocomm,13,14,4,430,391.9818,1259.836,10.944,79,256
s46,rx,4,comm,7,1,1,433,368.5446,1078.443,13.704,66,148
s46,rx,2,comm,1,7,4,437,414.9102,1116.030,24.305,65,139
s46,rx,2,comm,1,12,4,438,371.0331,1220.343,19.184,110,189
s46,rx,12,nocomm,22,4,4,439,442.3126,930.273,21.122,14,29
s46,rx,8,comm,12,11,1,440,426.2503,898.962,20.943,20,62
s46,rx,6,comm,10,10,4,452,410.6293,1000.816,19.328,71,139
s46,rx,6,comm,10,15,1,463,462.1111,918.829,19.618,24,47
s46,rx,6,comm,9,14,4,464,398.2876,1104.969,14.784,104,174
s46,rx,14,nocomm,27,8,4,464,344.4409,1161.406,18.672,69,148
s46,rx,2,comm,1,10,1,467,455.6671,1121.272,18.980,32,51
s46,rx,14,comm,26,4,1,469,411.8894,1152.826,23.642,86,207
s46,rx,2,comm,3,2,4,473,439.6022,1136.987,17.894,25,80
s46,rx,10,comm,19,7,1,477,414.2123,1420.430,13.817,62,115
s46,rx,12,nocomm,23,9,1,481,432.4587,860.160,22.371,65,175
s46,rx,6,comm,8,6,1,488,473.7108,1240.067,10.974,35,78
s46,rx,10,nocomm,16,6,4,491,447.3587,1029.894,16.934,50,95
s46,rx,2,comm,3,12,1,492,426.5735,1236.251,16.941,134,285
s46,rx,4,nocomm,5,4,4,498,466.3993,1475.409,14.920,111,218
s46,rx,4,comm,6,3,1,498,479.1500,1066.831,15.841,27,79
s46,rx,8,comm,14,1,1,498,433.2490,1242.117,15.451,72,152
s46,rx,6,comm,11,14,1,500,487.5969,1167.210,9.111,15,43
s46,rx,6,comm,11,9,1,503,470.7775,1407.633,22.602,72,250
s46,rx,4,nocomm,4,4,1,512,459.4032,1144.065,9.167,57,119
s46,rx,14,nocomm,26,8,4,513,452.2576,1243.799,12.040,137,323
s46,rx,8,nocomm,12,0,1,520,479.8186,1227.866,13.739,60,130
s46,rx,4,nocomm,5,12,1,527,484.6747,1640.611,9.047,72,142
s46,rx,6,comm,10,7,4,528,517.7116,1112.464,15.720,29,78
s46,rx,10,comm,17,9,4,529,448.1570,1242.898,13.261,122,234
s46,rx,8,nocomm,13,12,1,534,513.3849,1165.163,12.657,29,59
s46,rx,14,nocomm,26,0,1,537,506.9878,1157.529,13.467,66,116
s46,rx,10,nocomm,17,0,1,538,508.9716,1207.827,12.374,51,108
s46,rx,10,comm,18,4,1,539,484.9588,1358.209,20.571,85,221
s46,rx,10,nocomm,18,10,4,539,537.1510,1043.587,21.628,21,46
s46,rx,10,comm,18,12,1,544,501.9854,1334.608,14.058,60,101
s46,rx,4,nocomm,7,8,4,549,512.0338,1274.058,20.154,98,215
s46,rx,14,nocomm,27,7,4,552,506.9556,1263.872,19.492,66,183
s46,rx,14,nocomm,25,15,1,553,531.5837,1370.255,15.450,52,121
s46,rx,2,comm,3,4,1,560,517.4448,1168.026,17.432,54,122
s46,rx,8,nocomm,14,12,1,565,527.4381,1964.828,12.361,77,196
s46,rx,6,nocomm,9,3,2,139,120.8314,283.771,9.494,12,20
s46,rx,6,nocomm,9,11,2,567,513.9081,1673.048,9.494,122,289
s46,rx,8,comm,12,15,4,569,578.1560,1276.875,10.382,13,45
s46,rx,14,nocomm,24,1,2,234,215.4708,499.037,11.041,20,35
s46,rx,14,comm,24,4,2,569,472.9739,1446.385,11.041,150,332
s46,rx,6,comm,9,12,4,572,491.1291,1368.828,12.302,147,291
s46,rx,8,nocomm,15,8,1,575,550.3808,1237.790,19.358,35,58
s46,rx,12,nocomm,23,1,1,575,522.8843,1352.301,13.737,91,170
s46,rx,12,nocomm,20,8,1,578,564.8625,1158.794,13.949,41,115
s46,rx,14,nocomm,27,9,1,579,571.5239,1147.020,19.319,24,74
s46,rx,2,comm,3,3,1,581,519.6354,1430.025,17.787,95,272
s46,rx,2,comm,0,7,1,584,503.7328,1434.400,23.074,113,243
s46,rx,6,comm,8,10,1,598,583.5234,1151.174,29.757,47,76
s46,rx,14,nocomm,24,10,1,600,518.1124,1499.002,18.533,110,252
s46,rx,12,nocomm,22,12,4,602,582.7249,1257.004,13.964,74,133
s46,rx,6,nocomm,10,11,1,613,597.6215,1329.039,17.032,51,132
s46,rx,2,comm,2,1,4,622,636.3823,1118.673,52.918,0,0
s46,rx,6,nocomm,11,5,4,623,520.4384,2042.772,9.114,112,452
s46,rx,4,comm,6,11,1,626,565.9255,1695.757,10.929,107,151
s46,rx,14,nocomm,25,0,1,639,577.4003,1811.128,16.435,97,230
s46,rx,2,comm,2,6,1,641,638.7320,1476.483,17.286,38,92
s46,rx,10,nocomm,18,3,1,642,610.4366,1806.238,10.990,61,169
s46,rx,6,comm,8,2,1,645,601.7826,1328.962,12.012,68,134
s46,rx,12,nocomm,21,1,4,647,586.2178,1811.511,13.469,97,200
s46,rx,12,nocomm,21,15,4,649,623.4993,1481.775,13.849,60,134
s46,rx,14,nocomm,24,5,4,649,646.8038,1151.016,18.509,14,28
s46,rx,10,nocomm,18,0,1,656,623.9623,1453.345,18.719,63,128
s46,rx,14,nocomm,26,3,1,656,617.5631,1909.311,12.040,81,170
s46,rx,14,nocomm,26,14,4,658,507.8412,1800.090,12.600,157,370
s46,rx,2,comm,2,13,4,666,646.8574,1473.204,18.553,71,135
s46,rx,6,comm,9,4,4,668,635.9489,1974.212,13.584,76,167
s46,rx,14,nocomm,25,6,1,680,636.7814,1801.273,12.846,85,197
s46,rx,2,comm,2,11,1,686,591.1909,1601.877,14.424,97,182
s46,rx,6,comm,10,2,4,686,645.7178,1759.453,14.228,100,202
s46,rx,8,nocomm,14,6,4,691,651.1950,1539.106,12.361,103,271
s46,rx,4,comm,4,9,1,692,630.4037,1576.923,8.461,114,236
s46,rx,12,nocomm,20,7,1,693,649.9158,1548.377,20.719,78,161
s46,rx,6,nocomm,10,5,4,694,670.5796,1492.493,15.530,53,112
s46,rx,8,comm,15,9,1,694,690.3123,1603.205,10.853,49,101
s46,rx,10,comm,19,1,4,694,698.1017,1387.954,18.225,11,44
s46,rx,10,nocomm,19,3,1,694,688.8987,1347.998,16.546,36,70
s46,rx,12,comm,21,6,4,697,644.1576,1757.832,12.909,120,230
s46,rx,8,comm,12,13,1,700,681.9536,1323.604,24.015,34,72
s46,rx,12,nocomm,23,11,1,704,638.6005,1774.122,10.804,127,243
s46,rx,14,nocomm,24,14,4,712,694.5105,1469.912,29.691,44,86
s46,rx,12,nocomm,23,4,4,713,698.0047,1626.569,20.114,67,154
s46,rx,4,comm,4,1,1,714,696.6655,1309.989,13.238,26,71
s46,rx,8,nocomm,15,0,1,715,686.5096,1677.460,17.316,68,157
s46,rx,6,comm,11,2,1,716,623.3249,1690.176,16.061,113,207
s46,rx,12,nocomm,20,0,4,716,683.9175,1809.789,20.341,93,226
s46,rx,4,comm,4,1,2,8,1.9714,12.621,9.482,4,6
s46,rx,4,comm,4,5,2,722,678.7322,1591.207,9.482,100,185
s46,rx,6,nocomm,11,11,4,723,642.1816,2216.780,9.114,115,295
s46,rx,6,comm,9,1,4,736,685.7157,1632.558,12.302,111,253
s46,rx,8,comm,13,15,1,737,655.9571,1831.814,12.532,84,219
s46,rx,4,comm,6,6,4,739,707.5677,1536.406,22.365,51,120
s46,rx,2,comm,0,15,4,742,662.7098,1810.047,14.359,160,264
s46,rx,4,comm,6,2,1,747,748.7130,1677.047,16.803,26,69
s46,rx,8,comm,15,5,4,747,675.3676,1875.062,18.846,144,228
s46,rx,8,comm,14,5,4,749,692.3437,2027.828,18.327,132,288
s46,rx,10,comm,16,9,4,749,725.7448,1572.745,15.201,68,186
s46,rx,12,nocomm,20,11,1,750,740.0417,1521.496,18.960,36,83
s46,rx,14,comm,27,12,4,751,745.2917,1600.083,21.105,44,114
s46,rx,14,nocomm,27,6,4,755,732.8623,2055.807,18.672,85,247
s46,rx,2,comm,1,1,1,758,660.9887,2025.215,17.936,157,306
s46,rx,6,nocomm,8,11,4,762,673.5197,1899.353,12.012,115,218
s46,rx,10,nocomm,16,10,1,762,669.0210,1892.823,10.791,166,301
s46,rx,10,nocomm,16,10,2,1,0.2354,0.000,4.390,1,1
s46,rx,10,nocomm,16,11,2,763,687.3826,1534.702,4.390,81,163
s46,rx,14,nocomm,25,5,4,770,730.6409,1950.658,14.115,80,169
s46,rx,6,nocomm,11,3,1,771,631.4113,1705.844,20.060,167,274
s46,rx,4,comm,5,3,4,772,740.0256,1790.372,9.047,87,155
s46,rx,12,comm,22,2,1,774,761.0040,1494.941,14.096,66,135
s46,rx,4,comm,4,6,4,787,751.1107,1689.915,19.374,104,176
s46,rx,10,comm,18,1,4,790,788.4882,1602.435,18.295,25,66
s46,rx,6,comm,10,4,4,801,780.2240,2006.592,12.741,70,122
s46,rx,14,comm,25,12,1,802,724.9479,2052.651,12.846,156,333
s46,rx,6,comm,8,15,1,803,755.3312,1647.104,18.938,71,135
s46,rx,6,comm,9,6,1,809,746.8914,2098.076,15.854,137,283
s46,rx,2,comm,0,14,4,810,807.8972,2234.343,12.626,51,152
s46,rx,10,comm,16,15,4,812,794.7271,1534.018,18.447,26,65
s46,rx,2,comm,3,6,4,824,793.3602,1736.938,21.777,88,191
s46,rx,6,comm,9,10,1,805,751.5001,1712.979,13.584,66,115
s46,rx,10,comm,16,12,4,835,801.2420,1791.660,16.113,86,193
s46,rx,12,comm,22,6,1,837,824.1485,1605.224,18.637,34,106
s46,rx,2,comm,3,13,1,844,797.6669,1577.287,20.221,49,104
s46,rx,2,comm,0,6,1,845,790.2311,1947.293,14.247,110,222
s46,rx,10,comm,18,15,4,853,813.1420,1919.240,17.758,144,309
s46,rx,12,nocomm,22,3,4,854,753.4214,2062.281,13.847,142,290
s46,rx,12,comm,23,10,4,854,800.0760,2087.803,15.906,94,170
s46,rx,10,nocomm,17,3,4,860,758.5070,2523.774,13.948,170,384
s46,rx,14,comm,27,4,1,860,781.0901,1923.311,13.088,119,318
s46,rx,2,comm,1,15,1,862,826.5817,2088.012,18.953,94,213
s46,rx,6,nocomm,10,0,4,867,795.7509,1957.539,17.032,112,232
s46,rx,2,nocomm,1,8,1,781,746.2065,1787.766,19.184,38,70
s46,rx,14,nocomm,24,9,1,875,854.1554,1977.659,12.647,81,159
s46,rx,4,nocomm,6,0,1,876,819.2973,2264.842,13.554,109,206
s46,rx,8,nocomm,12,6,1,886,880.9033,1824.195,17.274,66,120
s46,rx,14,nocomm,24,11,1,900,833.2203,1770.022,17.053,94,216
s46,rx,4,comm,4,11,3,911,864.5532,2229.410,16.134,113,303
s46,rx,6,comm,11,12,1,915,866.4296,2369.448,11.557,119,220
s46,rx,12,nocomm,22,13,4,916,774.3373,2422.230,15.319,165,270
s46,rx,2,comm,0,12,1,769,572.5027,1771.649,13.243,180,421
s46,rx,4,comm,5,14,1,921,866.4750,2141.966,15.282,127,285
s46,rx,14,nocomm,25,14,4,927,880.6100,1900.795,20.318,46,99
s46,rx,14,nocomm,26,13,1,923,834.4846,2209.336,14.076,103,211
s46,rx,4,comm,6,13,1,929,896.2272,2127.361,10.929,88,194
s46,rx,12,comm,23,14,1,627,575.6097,1324.362,20.583,82,159
s46,rx,12,nocomm,20,15,4,933,891.2063,1957.424,20.458,101,178
s46,rx,6,nocomm,8,3,4,938,893.7446,1995.032,15.420,102,263
s46,rx,4,nocomm,7,4,1,944,917.9108,2404.305,13.704,82,176
s46,rx,12,nocomm,20,4,1,944,938.0757,2783.413,10.883,37,122
s46,rx,12,comm,20,10,4,948,894.9473,2009.883,14.689,65,129
s46,rx,4,comm,7,13,4,950,928.5880,2152.094,9.296,64,121
s46,rx,8,comm,14,7,4,952,923.1207,2032.734,15.247,77,190
s46,rx,4,comm,4,10,1,954,914.1765,2129.519,10.156,97,210
s46,rx,4,nocomm,7,0,1,859,802.2529,1834.053,23.742,60,111
s46,rx,4,comm,7,5,4,971,929.6754,2167.319,19.395,122,313
s46,rx,10,nocomm,17,14,1,973,936.1011,2232.745,11.629,110,198
s46,rx,2,nocomm,0,0,1,975,900.4211,2076.752,12.829,148,295
s46,rx,2,comm,1,4,4,982,951.6423,1986.090,12.560,102,187
s46,rx,2,comm,2,4,1,982,938.9727,2073.560,15.167,97,226
s46,rx,4,nocomm,4,8,4,988,924.3243,2037.768,21.154,107,197
s46,rx,8,nocomm,15,10,1,991,873.6068,2677.261,15.988,191,425
s46,rx,2,comm,0,5,4,993,935.4608,2325.878,16.964,122,233
s46,rx,2,comm,2,2,1,995,972.3553,2308.187,17.958,85,166
s46,rx,8,nocomm,12,2,4,1004,953.6208,2281.800,10.185,103,179
s46,rx,10,comm,17,15,1,1006,943.1700,2779.757,12.374,150,318
s46,rx,10,nocomm,18,2,1,716,618.0841,1659.373,17.165,97,199
s46,rx,6,nocomm,11,8,1,882,863.5667,1601.595,16.169,25,71
s46,rx,10,nocomm,17,6,1,1017,883.0933,3214.574,12.636,191,555
s46,rx,14,nocomm,26,10,4,1029,933.3034,2392.156,12.600,135,314
s46,rx,12,nocomm,21,13,1,1032,967.5013,2168.489,13.469,80,164
s46,rx,8,nocomm,13,2,1,1034,995.2891,2176.537,16.993,112,181
s46,rx,4,comm,6,15,4,1035,880.0073,2213.927,18.589,160,314
s46,rx,6,nocomm,9,0,4,1035,907.5069,2194.795,13.651,121,223
s46,rx,12,nocomm,21,12,4,1052,1015.1519,2331.499,21.143,98,243
s46,rx,10,nocomm,19,8,1,837,834.3115,1580.551,21.833,18,43
s46,rx,4,comm,6,10,1,1061,967.4579,2358.172,15.669,127,301
s46,rx,12,nocomm,22,0,1,1063,1034.7245,2626.447,14.096,111,283
s46,rx,12,nocomm,21,3,1,1065,1029.0071,2874.033,12.909,119,266
s46,rx,6,comm,8,14,4,1074,1050.8120,2066.135,11.184,44,108
s46,rx,10,nocomm,19,5,1,1078,1037.9277,2398.323,18.788,144,272
s46,rx,12,nocomm,23,8,1,735,624.0722,1389.846,16.441,76,124
s46,rx,6,nocomm,8,13,4,1081,1010.8812,2264.350,18.706,101,176
s46,rx,8,comm,13,3,1,1081,1043.4148,2544.307,15.484,103,260
s46,rx,4,nocomm,4,0,1,1091,1007.5460,2577.598,13.158,163,298
s46,rx,10,comm,19,9,4,1092,1051.5618,2305.435,9.863,69,126
s46,rx,2,nocomm,0,8,1,1098,1033.8428,2784.005,11.305,178,427
